<annotation>
	<folder></folder>
	<filename>000fea75ed43e923_jpg.rf.1d3b9015f8169b73877ab98e039f0a7b.jpg</filename>
	<path>000fea75ed43e923_jpg.rf.1d3b9015f8169b73877ab98e039f0a7b.jpg</path>
	<source>
		<database>roboflow.ai</database>
	</source>
	<size>
		<width>416</width>
		<height>416</height>
		<depth>3</depth>
	</size>
	<segmented>0</segmented>
	<object>
		<name>Traffic-light</name>
		<pose>Unspecified</pose>
		<truncated>0</truncated>
		<difficult>0</difficult>
		<occluded>0</occluded>
		<bndbox>
			<xmin>126</xmin>
			<xmax>196</xmax>
			<ymin>22</ymin>
			<ymax>127</ymax>
		</bndbox>
	</object>
</annotation>
