<annotation>
	<folder></folder>
	<filename>000fea75ed43e923_jpg.rf.7aa6136ec92a3dab3381fd2976030bda.jpg</filename>
	<path>000fea75ed43e923_jpg.rf.7aa6136ec92a3dab3381fd2976030bda.jpg</path>
	<source>
		<database>roboflow.ai</database>
	</source>
	<size>
		<width>416</width>
		<height>416</height>
		<depth>3</depth>
	</size>
	<segmented>0</segmented>
	<object>
		<name>Traffic-light</name>
		<pose>Unspecified</pose>
		<truncated>0</truncated>
		<difficult>0</difficult>
		<occluded>0</occluded>
		<bndbox>
			<xmin>157</xmin>
			<xmax>219</xmax>
			<ymin>8</ymin>
			<ymax>106</ymax>
		</bndbox>
	</object>
</annotation>
