<annotation>
	<folder></folder>
	<filename>0062627cdf50e85f_jpg.rf.15cd7172e1a12ff42beb6e425091276e.jpg</filename>
	<path>0062627cdf50e85f_jpg.rf.15cd7172e1a12ff42beb6e425091276e.jpg</path>
	<source>
		<database>roboflow.ai</database>
	</source>
	<size>
		<width>416</width>
		<height>416</height>
		<depth>3</depth>
	</size>
	<segmented>0</segmented>
	<object>
		<name>Traffic-light</name>
		<pose>Unspecified</pose>
		<truncated>0</truncated>
		<difficult>0</difficult>
		<occluded>0</occluded>
		<bndbox>
			<xmin>104</xmin>
			<xmax>327</xmax>
			<ymin>1</ymin>
			<ymax>417</ymax>
		</bndbox>
	</object>
</annotation>
