<annotation>
	<folder></folder>
	<filename>010225207d903a36_jpg.rf.c068e9cf84fc9fba3ed07cb290d224a1.jpg</filename>
	<path>010225207d903a36_jpg.rf.c068e9cf84fc9fba3ed07cb290d224a1.jpg</path>
	<source>
		<database>roboflow.ai</database>
	</source>
	<size>
		<width>416</width>
		<height>416</height>
		<depth>3</depth>
	</size>
	<segmented>0</segmented>
	<object>
		<name>Traffic-light</name>
		<pose>Unspecified</pose>
		<truncated>0</truncated>
		<difficult>0</difficult>
		<occluded>0</occluded>
		<bndbox>
			<xmin>113</xmin>
			<xmax>127</xmax>
			<ymin>127</ymin>
			<ymax>172</ymax>
		</bndbox>
	</object>
	<object>
		<name>Traffic-light</name>
		<pose>Unspecified</pose>
		<truncated>0</truncated>
		<difficult>0</difficult>
		<occluded>0</occluded>
		<bndbox>
			<xmin>134</xmin>
			<xmax>142</xmax>
			<ymin>296</ymin>
			<ymax>309</ymax>
		</bndbox>
	</object>
	<object>
		<name>Traffic-light</name>
		<pose>Unspecified</pose>
		<truncated>0</truncated>
		<difficult>0</difficult>
		<occluded>0</occluded>
		<bndbox>
			<xmin>135</xmin>
			<xmax>151</xmax>
			<ymin>263</ymin>
			<ymax>290</ymax>
		</bndbox>
	</object>
	<object>
		<name>Traffic-light</name>
		<pose>Unspecified</pose>
		<truncated>0</truncated>
		<difficult>0</difficult>
		<occluded>0</occluded>
		<bndbox>
			<xmin>215</xmin>
			<xmax>230</xmax>
			<ymin>104</ymin>
			<ymax>147</ymax>
		</bndbox>
	</object>
	<object>
		<name>Traffic-light</name>
		<pose>Unspecified</pose>
		<truncated>0</truncated>
		<difficult>0</difficult>
		<occluded>0</occluded>
		<bndbox>
			<xmin>396</xmin>
			<xmax>407</xmax>
			<ymin>174</ymin>
			<ymax>202</ymax>
		</bndbox>
	</object>
</annotation>
