<annotation>
	<folder></folder>
	<filename>014e437b3c9c751c_jpg.rf.66848d7080e11ffaa0a396499d13e192.jpg</filename>
	<path>014e437b3c9c751c_jpg.rf.66848d7080e11ffaa0a396499d13e192.jpg</path>
	<source>
		<database>roboflow.ai</database>
	</source>
	<size>
		<width>416</width>
		<height>416</height>
		<depth>3</depth>
	</size>
	<segmented>0</segmented>
	<object>
		<name>Traffic-light</name>
		<pose>Unspecified</pose>
		<truncated>0</truncated>
		<difficult>0</difficult>
		<occluded>0</occluded>
		<bndbox>
			<xmin>86</xmin>
			<xmax>103</xmax>
			<ymin>141</ymin>
			<ymax>160</ymax>
		</bndbox>
	</object>
	<object>
		<name>Traffic-light</name>
		<pose>Unspecified</pose>
		<truncated>0</truncated>
		<difficult>0</difficult>
		<occluded>0</occluded>
		<bndbox>
			<xmin>114</xmin>
			<xmax>164</xmax>
			<ymin>17</ymin>
			<ymax>66</ymax>
		</bndbox>
	</object>
	<object>
		<name>Traffic-light</name>
		<pose>Unspecified</pose>
		<truncated>0</truncated>
		<difficult>0</difficult>
		<occluded>0</occluded>
		<bndbox>
			<xmin>223</xmin>
			<xmax>274</xmax>
			<ymin>1</ymin>
			<ymax>48</ymax>
		</bndbox>
	</object>
	<object>
		<name>Traffic-light</name>
		<pose>Unspecified</pose>
		<truncated>0</truncated>
		<difficult>0</difficult>
		<occluded>0</occluded>
		<bndbox>
			<xmin>396</xmin>
			<xmax>407</xmax>
			<ymin>101</ymin>
			<ymax>125</ymax>
		</bndbox>
	</object>
</annotation>
