<annotation>
	<folder></folder>
	<filename>0168bdab2295f425_jpg.rf.1235fdc5ce7a113c2f2286ef74ed0b4c.jpg</filename>
	<path>0168bdab2295f425_jpg.rf.1235fdc5ce7a113c2f2286ef74ed0b4c.jpg</path>
	<source>
		<database>roboflow.ai</database>
	</source>
	<size>
		<width>416</width>
		<height>416</height>
		<depth>3</depth>
	</size>
	<segmented>0</segmented>
	<object>
		<name>Traffic-light</name>
		<pose>Unspecified</pose>
		<truncated>0</truncated>
		<difficult>0</difficult>
		<occluded>0</occluded>
		<bndbox>
			<xmin>119</xmin>
			<xmax>128</xmax>
			<ymin>212</ymin>
			<ymax>236</ymax>
		</bndbox>
	</object>
	<object>
		<name>Traffic-light</name>
		<pose>Unspecified</pose>
		<truncated>0</truncated>
		<difficult>0</difficult>
		<occluded>0</occluded>
		<bndbox>
			<xmin>247</xmin>
			<xmax>250</xmax>
			<ymin>279</ymin>
			<ymax>286</ymax>
		</bndbox>
	</object>
	<object>
		<name>Traffic-light</name>
		<pose>Unspecified</pose>
		<truncated>0</truncated>
		<difficult>0</difficult>
		<occluded>0</occluded>
		<bndbox>
			<xmin>341</xmin>
			<xmax>354</xmax>
			<ymin>237</ymin>
			<ymax>268</ymax>
		</bndbox>
	</object>
	<object>
		<name>Traffic-light</name>
		<pose>Unspecified</pose>
		<truncated>0</truncated>
		<difficult>0</difficult>
		<occluded>0</occluded>
		<bndbox>
			<xmin>369</xmin>
			<xmax>374</xmax>
			<ymin>304</ymin>
			<ymax>312</ymax>
		</bndbox>
	</object>
</annotation>
