<annotation>
	<folder></folder>
	<filename>01d4cf639b3dc92b_jpg.rf.34f6e896f05393f39ad3d5fb18a5378d.jpg</filename>
	<path>01d4cf639b3dc92b_jpg.rf.34f6e896f05393f39ad3d5fb18a5378d.jpg</path>
	<source>
		<database>roboflow.ai</database>
	</source>
	<size>
		<width>416</width>
		<height>416</height>
		<depth>3</depth>
	</size>
	<segmented>0</segmented>
	<object>
		<name>Traffic-light</name>
		<pose>Unspecified</pose>
		<truncated>0</truncated>
		<difficult>0</difficult>
		<occluded>0</occluded>
		<bndbox>
			<xmin>125</xmin>
			<xmax>319</xmax>
			<ymin>55</ymin>
			<ymax>354</ymax>
		</bndbox>
	</object>
</annotation>
