<annotation>
	<folder></folder>
	<filename>01d4cf639b3dc92b_jpg.rf.4724372864d1cf2b5475e0792a4cd593.jpg</filename>
	<path>01d4cf639b3dc92b_jpg.rf.4724372864d1cf2b5475e0792a4cd593.jpg</path>
	<source>
		<database>roboflow.ai</database>
	</source>
	<size>
		<width>416</width>
		<height>416</height>
		<depth>3</depth>
	</size>
	<segmented>0</segmented>
	<object>
		<name>Traffic-light</name>
		<pose>Unspecified</pose>
		<truncated>0</truncated>
		<difficult>0</difficult>
		<occluded>0</occluded>
		<bndbox>
			<xmin>141</xmin>
			<xmax>327</xmax>
			<ymin>64</ymin>
			<ymax>366</ymax>
		</bndbox>
	</object>
</annotation>
