<annotation>
	<folder></folder>
	<filename>02c94cd095f74b11_jpg.rf.d2c803840f49c2bf4b69ed9cdc57f444.jpg</filename>
	<path>02c94cd095f74b11_jpg.rf.d2c803840f49c2bf4b69ed9cdc57f444.jpg</path>
	<source>
		<database>roboflow.ai</database>
	</source>
	<size>
		<width>416</width>
		<height>416</height>
		<depth>3</depth>
	</size>
	<segmented>0</segmented>
	<object>
		<name>Traffic-light</name>
		<pose>Unspecified</pose>
		<truncated>0</truncated>
		<difficult>0</difficult>
		<occluded>0</occluded>
		<bndbox>
			<xmin>160</xmin>
			<xmax>176</xmax>
			<ymin>398</ymin>
			<ymax>417</ymax>
		</bndbox>
	</object>
	<object>
		<name>Traffic-light</name>
		<pose>Unspecified</pose>
		<truncated>0</truncated>
		<difficult>0</difficult>
		<occluded>0</occluded>
		<bndbox>
			<xmin>286</xmin>
			<xmax>314</xmax>
			<ymin>202</ymin>
			<ymax>303</ymax>
		</bndbox>
	</object>
	<object>
		<name>Traffic-light</name>
		<pose>Unspecified</pose>
		<truncated>0</truncated>
		<difficult>0</difficult>
		<occluded>0</occluded>
		<bndbox>
			<xmin>285</xmin>
			<xmax>332</xmax>
			<ymin>169</ymin>
			<ymax>311</ymax>
		</bndbox>
	</object>
	<object>
		<name>Traffic-light</name>
		<pose>Unspecified</pose>
		<truncated>0</truncated>
		<difficult>0</difficult>
		<occluded>0</occluded>
		<bndbox>
			<xmin>302</xmin>
			<xmax>318</xmax>
			<ymin>216</ymin>
			<ymax>308</ymax>
		</bndbox>
	</object>
</annotation>
