<annotation>
	<folder></folder>
	<filename>02c94cd095f74b11_jpg.rf.3e65af523f09c265cf2041fbdfe998a8.jpg</filename>
	<path>02c94cd095f74b11_jpg.rf.3e65af523f09c265cf2041fbdfe998a8.jpg</path>
	<source>
		<database>roboflow.ai</database>
	</source>
	<size>
		<width>416</width>
		<height>416</height>
		<depth>3</depth>
	</size>
	<segmented>0</segmented>
	<object>
		<name>Traffic-light</name>
		<pose>Unspecified</pose>
		<truncated>0</truncated>
		<difficult>0</difficult>
		<occluded>0</occluded>
		<bndbox>
			<xmin>213</xmin>
			<xmax>239</xmax>
			<ymin>354</ymin>
			<ymax>417</ymax>
		</bndbox>
	</object>
	<object>
		<name>Traffic-light</name>
		<pose>Unspecified</pose>
		<truncated>0</truncated>
		<difficult>0</difficult>
		<occluded>0</occluded>
		<bndbox>
			<xmin>295</xmin>
			<xmax>336</xmax>
			<ymin>156</ymin>
			<ymax>250</ymax>
		</bndbox>
	</object>
	<object>
		<name>Traffic-light</name>
		<pose>Unspecified</pose>
		<truncated>0</truncated>
		<difficult>0</difficult>
		<occluded>0</occluded>
		<bndbox>
			<xmin>289</xmin>
			<xmax>353</xmax>
			<ymin>124</ymin>
			<ymax>258</ymax>
		</bndbox>
	</object>
	<object>
		<name>Traffic-light</name>
		<pose>Unspecified</pose>
		<truncated>0</truncated>
		<difficult>0</difficult>
		<occluded>0</occluded>
		<bndbox>
			<xmin>311</xmin>
			<xmax>340</xmax>
			<ymin>168</ymin>
			<ymax>253</ymax>
		</bndbox>
	</object>
</annotation>
