<annotation>
	<folder></folder>
	<filename>02d523d8378da5d1_jpg.rf.81a70694c0ef450f24b91723598ffe24.jpg</filename>
	<path>02d523d8378da5d1_jpg.rf.81a70694c0ef450f24b91723598ffe24.jpg</path>
	<source>
		<database>roboflow.ai</database>
	</source>
	<size>
		<width>416</width>
		<height>416</height>
		<depth>3</depth>
	</size>
	<segmented>0</segmented>
	<object>
		<name>Traffic-light</name>
		<pose>Unspecified</pose>
		<truncated>0</truncated>
		<difficult>0</difficult>
		<occluded>0</occluded>
		<bndbox>
			<xmin>89</xmin>
			<xmax>210</xmax>
			<ymin>1</ymin>
			<ymax>42</ymax>
		</bndbox>
	</object>
	<object>
		<name>Traffic-light</name>
		<pose>Unspecified</pose>
		<truncated>0</truncated>
		<difficult>0</difficult>
		<occluded>0</occluded>
		<bndbox>
			<xmin>123</xmin>
			<xmax>278</xmax>
			<ymin>49</ymin>
			<ymax>288</ymax>
		</bndbox>
	</object>
	<object>
		<name>Traffic-light</name>
		<pose>Unspecified</pose>
		<truncated>0</truncated>
		<difficult>0</difficult>
		<occluded>0</occluded>
		<bndbox>
			<xmin>230</xmin>
			<xmax>417</xmax>
			<ymin>27</ymin>
			<ymax>271</ymax>
		</bndbox>
	</object>
</annotation>
