<annotation>
	<folder></folder>
	<filename>032c2e9ca30fedcc_jpg.rf.df3972d2e6cc53c220743115e05c95f4.jpg</filename>
	<path>032c2e9ca30fedcc_jpg.rf.df3972d2e6cc53c220743115e05c95f4.jpg</path>
	<source>
		<database>roboflow.ai</database>
	</source>
	<size>
		<width>416</width>
		<height>416</height>
		<depth>3</depth>
	</size>
	<segmented>0</segmented>
	<object>
		<name>Traffic-light</name>
		<pose>Unspecified</pose>
		<truncated>0</truncated>
		<difficult>0</difficult>
		<occluded>0</occluded>
		<bndbox>
			<xmin>233</xmin>
			<xmax>237</xmax>
			<ymin>239</ymin>
			<ymax>249</ymax>
		</bndbox>
	</object>
	<object>
		<name>Traffic-light</name>
		<pose>Unspecified</pose>
		<truncated>0</truncated>
		<difficult>0</difficult>
		<occluded>0</occluded>
		<bndbox>
			<xmin>283</xmin>
			<xmax>289</xmax>
			<ymin>252</ymin>
			<ymax>264</ymax>
		</bndbox>
	</object>
</annotation>
