<annotation>
	<folder></folder>
	<filename>032c2e9ca30fedcc_jpg.rf.516eb0143293a7efde79a25679a26bd9.jpg</filename>
	<path>032c2e9ca30fedcc_jpg.rf.516eb0143293a7efde79a25679a26bd9.jpg</path>
	<source>
		<database>roboflow.ai</database>
	</source>
	<size>
		<width>416</width>
		<height>416</height>
		<depth>3</depth>
	</size>
	<segmented>0</segmented>
	<object>
		<name>Traffic-light</name>
		<pose>Unspecified</pose>
		<truncated>0</truncated>
		<difficult>0</difficult>
		<occluded>0</occluded>
		<bndbox>
			<xmin>255</xmin>
			<xmax>258</xmax>
			<ymin>240</ymin>
			<ymax>250</ymax>
		</bndbox>
	</object>
	<object>
		<name>Traffic-light</name>
		<pose>Unspecified</pose>
		<truncated>0</truncated>
		<difficult>0</difficult>
		<occluded>0</occluded>
		<bndbox>
			<xmin>310</xmin>
			<xmax>315</xmax>
			<ymin>235</ymin>
			<ymax>247</ymax>
		</bndbox>
	</object>
</annotation>
