<annotation>
	<folder></folder>
	<filename>0362ef732c5bbc4c_jpg.rf.649486d943f74e4379d02efb8d040f18.jpg</filename>
	<path>0362ef732c5bbc4c_jpg.rf.649486d943f74e4379d02efb8d040f18.jpg</path>
	<source>
		<database>roboflow.ai</database>
	</source>
	<size>
		<width>416</width>
		<height>416</height>
		<depth>3</depth>
	</size>
	<segmented>0</segmented>
	<object>
		<name>Traffic-light</name>
		<pose>Unspecified</pose>
		<truncated>0</truncated>
		<difficult>0</difficult>
		<occluded>0</occluded>
		<bndbox>
			<xmin>279</xmin>
			<xmax>288</xmax>
			<ymin>32</ymin>
			<ymax>45</ymax>
		</bndbox>
	</object>
	<object>
		<name>Traffic-light</name>
		<pose>Unspecified</pose>
		<truncated>0</truncated>
		<difficult>0</difficult>
		<occluded>0</occluded>
		<bndbox>
			<xmin>287</xmin>
			<xmax>294</xmax>
			<ymin>159</ymin>
			<ymax>170</ymax>
		</bndbox>
	</object>
	<object>
		<name>Traffic-light</name>
		<pose>Unspecified</pose>
		<truncated>0</truncated>
		<difficult>0</difficult>
		<occluded>0</occluded>
		<bndbox>
			<xmin>350</xmin>
			<xmax>358</xmax>
			<ymin>216</ymin>
			<ymax>228</ymax>
		</bndbox>
	</object>
</annotation>
