<annotation>
	<folder></folder>
	<filename>0385a127add3e440_jpg.rf.f27ebeb1cd2f9015d0d990e3d59d17c8.jpg</filename>
	<path>0385a127add3e440_jpg.rf.f27ebeb1cd2f9015d0d990e3d59d17c8.jpg</path>
	<source>
		<database>roboflow.ai</database>
	</source>
	<size>
		<width>416</width>
		<height>416</height>
		<depth>3</depth>
	</size>
	<segmented>0</segmented>
	<object>
		<name>Traffic-light</name>
		<pose>Unspecified</pose>
		<truncated>0</truncated>
		<difficult>0</difficult>
		<occluded>0</occluded>
		<bndbox>
			<xmin>119</xmin>
			<xmax>138</xmax>
			<ymin>71</ymin>
			<ymax>95</ymax>
		</bndbox>
	</object>
	<object>
		<name>Traffic-light</name>
		<pose>Unspecified</pose>
		<truncated>0</truncated>
		<difficult>0</difficult>
		<occluded>0</occluded>
		<bndbox>
			<xmin>193</xmin>
			<xmax>211</xmax>
			<ymin>63</ymin>
			<ymax>86</ymax>
		</bndbox>
	</object>
</annotation>
