<annotation>
	<folder></folder>
	<filename>03c1f7f42d34695d_jpg.rf.68484e637bc1b2fb013248358f970464.jpg</filename>
	<path>03c1f7f42d34695d_jpg.rf.68484e637bc1b2fb013248358f970464.jpg</path>
	<source>
		<database>roboflow.ai</database>
	</source>
	<size>
		<width>416</width>
		<height>416</height>
		<depth>3</depth>
	</size>
	<segmented>0</segmented>
	<object>
		<name>Traffic-light</name>
		<pose>Unspecified</pose>
		<truncated>0</truncated>
		<difficult>0</difficult>
		<occluded>0</occluded>
		<bndbox>
			<xmin>20</xmin>
			<xmax>155</xmax>
			<ymin>163</ymin>
			<ymax>282</ymax>
		</bndbox>
	</object>
	<object>
		<name>Traffic-light</name>
		<pose>Unspecified</pose>
		<truncated>0</truncated>
		<difficult>0</difficult>
		<occluded>0</occluded>
		<bndbox>
			<xmin>36</xmin>
			<xmax>130</xmax>
			<ymin>280</ymin>
			<ymax>356</ymax>
		</bndbox>
	</object>
</annotation>
