<annotation>
	<folder></folder>
	<filename>03c1f7f42d34695d_jpg.rf.1cd5bc02ffd6cbed2a4c9095c8d55ae7.jpg</filename>
	<path>03c1f7f42d34695d_jpg.rf.1cd5bc02ffd6cbed2a4c9095c8d55ae7.jpg</path>
	<source>
		<database>roboflow.ai</database>
	</source>
	<size>
		<width>416</width>
		<height>416</height>
		<depth>3</depth>
	</size>
	<segmented>0</segmented>
	<object>
		<name>Traffic-light</name>
		<pose>Unspecified</pose>
		<truncated>0</truncated>
		<difficult>0</difficult>
		<occluded>0</occluded>
		<bndbox>
			<xmin>20</xmin>
			<xmax>158</xmax>
			<ymin>196</ymin>
			<ymax>316</ymax>
		</bndbox>
	</object>
	<object>
		<name>Traffic-light</name>
		<pose>Unspecified</pose>
		<truncated>0</truncated>
		<difficult>0</difficult>
		<occluded>0</occluded>
		<bndbox>
			<xmin>59</xmin>
			<xmax>155</xmax>
			<ymin>318</ymin>
			<ymax>394</ymax>
		</bndbox>
	</object>
</annotation>
