<annotation>
	<folder></folder>
	<filename>048068e98c2c519c_jpg.rf.e9994b02a9e1f5e44ccfeabb8d40e93b.jpg</filename>
	<path>048068e98c2c519c_jpg.rf.e9994b02a9e1f5e44ccfeabb8d40e93b.jpg</path>
	<source>
		<database>roboflow.ai</database>
	</source>
	<size>
		<width>416</width>
		<height>416</height>
		<depth>3</depth>
	</size>
	<segmented>0</segmented>
	<object>
		<name>Traffic-light</name>
		<pose>Unspecified</pose>
		<truncated>0</truncated>
		<difficult>0</difficult>
		<occluded>0</occluded>
		<bndbox>
			<xmin>69</xmin>
			<xmax>109</xmax>
			<ymin>41</ymin>
			<ymax>127</ymax>
		</bndbox>
	</object>
	<object>
		<name>Traffic-light</name>
		<pose>Unspecified</pose>
		<truncated>0</truncated>
		<difficult>0</difficult>
		<occluded>0</occluded>
		<bndbox>
			<xmin>170</xmin>
			<xmax>192</xmax>
			<ymin>62</ymin>
			<ymax>136</ymax>
		</bndbox>
	</object>
	<object>
		<name>Traffic-light</name>
		<pose>Unspecified</pose>
		<truncated>0</truncated>
		<difficult>0</difficult>
		<occluded>0</occluded>
		<bndbox>
			<xmin>387</xmin>
			<xmax>403</xmax>
			<ymin>258</ymin>
			<ymax>284</ymax>
		</bndbox>
	</object>
</annotation>
