<annotation>
	<folder></folder>
	<filename>04dd79863a4c2c59_jpg.rf.681570cd19680e1742893316b2297188.jpg</filename>
	<path>04dd79863a4c2c59_jpg.rf.681570cd19680e1742893316b2297188.jpg</path>
	<source>
		<database>roboflow.ai</database>
	</source>
	<size>
		<width>416</width>
		<height>416</height>
		<depth>3</depth>
	</size>
	<segmented>0</segmented>
	<object>
		<name>Traffic-light</name>
		<pose>Unspecified</pose>
		<truncated>0</truncated>
		<difficult>0</difficult>
		<occluded>0</occluded>
		<bndbox>
			<xmin>144</xmin>
			<xmax>207</xmax>
			<ymin>25</ymin>
			<ymax>186</ymax>
		</bndbox>
	</object>
	<object>
		<name>Traffic-light</name>
		<pose>Unspecified</pose>
		<truncated>0</truncated>
		<difficult>0</difficult>
		<occluded>0</occluded>
		<bndbox>
			<xmin>220</xmin>
			<xmax>305</xmax>
			<ymin>3</ymin>
			<ymax>213</ymax>
		</bndbox>
	</object>
</annotation>
