<annotation>
	<folder></folder>
	<filename>04dd79863a4c2c59_jpg.rf.204d66b3cd9ec4405a45a5d97a454f3b.jpg</filename>
	<path>04dd79863a4c2c59_jpg.rf.204d66b3cd9ec4405a45a5d97a454f3b.jpg</path>
	<source>
		<database>roboflow.ai</database>
	</source>
	<size>
		<width>416</width>
		<height>416</height>
		<depth>3</depth>
	</size>
	<segmented>0</segmented>
	<object>
		<name>Traffic-light</name>
		<pose>Unspecified</pose>
		<truncated>0</truncated>
		<difficult>0</difficult>
		<occluded>0</occluded>
		<bndbox>
			<xmin>143</xmin>
			<xmax>202</xmax>
			<ymin>25</ymin>
			<ymax>194</ymax>
		</bndbox>
	</object>
	<object>
		<name>Traffic-light</name>
		<pose>Unspecified</pose>
		<truncated>0</truncated>
		<difficult>0</difficult>
		<occluded>0</occluded>
		<bndbox>
			<xmin>225</xmin>
			<xmax>304</xmax>
			<ymin>1</ymin>
			<ymax>213</ymax>
		</bndbox>
	</object>
</annotation>
