<annotation>
	<folder></folder>
	<filename>055b8f4762ee71e3_jpg.rf.0472a60e0fcb91183cf2229969a69f28.jpg</filename>
	<path>055b8f4762ee71e3_jpg.rf.0472a60e0fcb91183cf2229969a69f28.jpg</path>
	<source>
		<database>roboflow.ai</database>
	</source>
	<size>
		<width>416</width>
		<height>416</height>
		<depth>3</depth>
	</size>
	<segmented>0</segmented>
	<object>
		<name>Traffic-light</name>
		<pose>Unspecified</pose>
		<truncated>0</truncated>
		<difficult>0</difficult>
		<occluded>0</occluded>
		<bndbox>
			<xmin>1</xmin>
			<xmax>44</xmax>
			<ymin>171</ymin>
			<ymax>270</ymax>
		</bndbox>
	</object>
	<object>
		<name>Traffic-light</name>
		<pose>Unspecified</pose>
		<truncated>0</truncated>
		<difficult>0</difficult>
		<occluded>0</occluded>
		<bndbox>
			<xmin>203</xmin>
			<xmax>323</xmax>
			<ymin>1</ymin>
			<ymax>162</ymax>
		</bndbox>
	</object>
</annotation>
