<annotation>
	<folder></folder>
	<filename>055b8f4762ee71e3_jpg.rf.34becf83cc51bb75c8e46c701e517731.jpg</filename>
	<path>055b8f4762ee71e3_jpg.rf.34becf83cc51bb75c8e46c701e517731.jpg</path>
	<source>
		<database>roboflow.ai</database>
	</source>
	<size>
		<width>416</width>
		<height>416</height>
		<depth>3</depth>
	</size>
	<segmented>0</segmented>
	<object>
		<name>Traffic-light</name>
		<pose>Unspecified</pose>
		<truncated>0</truncated>
		<difficult>0</difficult>
		<occluded>0</occluded>
		<bndbox>
			<xmin>1</xmin>
			<xmax>22</xmax>
			<ymin>198</ymin>
			<ymax>288</ymax>
		</bndbox>
	</object>
	<object>
		<name>Traffic-light</name>
		<pose>Unspecified</pose>
		<truncated>0</truncated>
		<difficult>0</difficult>
		<occluded>0</occluded>
		<bndbox>
			<xmin>174</xmin>
			<xmax>291</xmax>
			<ymin>6</ymin>
			<ymax>189</ymax>
		</bndbox>
	</object>
</annotation>
