<annotation>
	<folder></folder>
	<filename>0653144fa5240926_jpg.rf.86c43fb1f3b583969f4ff025ef987b9c.jpg</filename>
	<path>0653144fa5240926_jpg.rf.86c43fb1f3b583969f4ff025ef987b9c.jpg</path>
	<source>
		<database>roboflow.ai</database>
	</source>
	<size>
		<width>416</width>
		<height>416</height>
		<depth>3</depth>
	</size>
	<segmented>0</segmented>
	<object>
		<name>Traffic-light</name>
		<pose>Unspecified</pose>
		<truncated>0</truncated>
		<difficult>0</difficult>
		<occluded>0</occluded>
		<bndbox>
			<xmin>67</xmin>
			<xmax>94</xmax>
			<ymin>21</ymin>
			<ymax>56</ymax>
		</bndbox>
	</object>
	<object>
		<name>Traffic-light</name>
		<pose>Unspecified</pose>
		<truncated>0</truncated>
		<difficult>0</difficult>
		<occluded>0</occluded>
		<bndbox>
			<xmin>345</xmin>
			<xmax>354</xmax>
			<ymin>174</ymin>
			<ymax>195</ymax>
		</bndbox>
	</object>
</annotation>
