<annotation>
	<folder></folder>
	<filename>0653144fa5240926_jpg.rf.3aedc1281e354d7e23b76dc78f693dc5.jpg</filename>
	<path>0653144fa5240926_jpg.rf.3aedc1281e354d7e23b76dc78f693dc5.jpg</path>
	<source>
		<database>roboflow.ai</database>
	</source>
	<size>
		<width>416</width>
		<height>416</height>
		<depth>3</depth>
	</size>
	<segmented>0</segmented>
	<object>
		<name>Traffic-light</name>
		<pose>Unspecified</pose>
		<truncated>0</truncated>
		<difficult>0</difficult>
		<occluded>0</occluded>
		<bndbox>
			<xmin>106</xmin>
			<xmax>128</xmax>
			<ymin>5</ymin>
			<ymax>29</ymax>
		</bndbox>
	</object>
	<object>
		<name>Traffic-light</name>
		<pose>Unspecified</pose>
		<truncated>0</truncated>
		<difficult>0</difficult>
		<occluded>0</occluded>
		<bndbox>
			<xmin>361</xmin>
			<xmax>368</xmax>
			<ymin>184</ymin>
			<ymax>205</ymax>
		</bndbox>
	</object>
</annotation>
