<annotation>
	<folder></folder>
	<filename>07402aa5202e1cc8_jpg.rf.a96a930972a58e0b9ce69c7f69d93101.jpg</filename>
	<path>07402aa5202e1cc8_jpg.rf.a96a930972a58e0b9ce69c7f69d93101.jpg</path>
	<source>
		<database>roboflow.ai</database>
	</source>
	<size>
		<width>416</width>
		<height>416</height>
		<depth>3</depth>
	</size>
	<segmented>0</segmented>
	<object>
		<name>Traffic-light</name>
		<pose>Unspecified</pose>
		<truncated>0</truncated>
		<difficult>0</difficult>
		<occluded>0</occluded>
		<bndbox>
			<xmin>258</xmin>
			<xmax>292</xmax>
			<ymin>78</ymin>
			<ymax>188</ymax>
		</bndbox>
	</object>
	<object>
		<name>Traffic-light</name>
		<pose>Unspecified</pose>
		<truncated>0</truncated>
		<difficult>0</difficult>
		<occluded>0</occluded>
		<bndbox>
			<xmin>275</xmin>
			<xmax>321</xmax>
			<ymin>58</ymin>
			<ymax>191</ymax>
		</bndbox>
	</object>
	<object>
		<name>Traffic-light</name>
		<pose>Unspecified</pose>
		<truncated>0</truncated>
		<difficult>0</difficult>
		<occluded>0</occluded>
		<bndbox>
			<xmin>313</xmin>
			<xmax>386</xmax>
			<ymin>21</ymin>
			<ymax>191</ymax>
		</bndbox>
	</object>
</annotation>
