<annotation>
	<folder></folder>
	<filename>07402aa5202e1cc8_jpg.rf.d1095997efb0174aca58cf3ebf61ba7e.jpg</filename>
	<path>07402aa5202e1cc8_jpg.rf.d1095997efb0174aca58cf3ebf61ba7e.jpg</path>
	<source>
		<database>roboflow.ai</database>
	</source>
	<size>
		<width>416</width>
		<height>416</height>
		<depth>3</depth>
	</size>
	<segmented>0</segmented>
	<object>
		<name>Traffic-light</name>
		<pose>Unspecified</pose>
		<truncated>0</truncated>
		<difficult>0</difficult>
		<occluded>0</occluded>
		<bndbox>
			<xmin>244</xmin>
			<xmax>282</xmax>
			<ymin>56</ymin>
			<ymax>161</ymax>
		</bndbox>
	</object>
	<object>
		<name>Traffic-light</name>
		<pose>Unspecified</pose>
		<truncated>0</truncated>
		<difficult>0</difficult>
		<occluded>0</occluded>
		<bndbox>
			<xmin>260</xmin>
			<xmax>311</xmax>
			<ymin>37</ymin>
			<ymax>166</ymax>
		</bndbox>
	</object>
	<object>
		<name>Traffic-light</name>
		<pose>Unspecified</pose>
		<truncated>0</truncated>
		<difficult>0</difficult>
		<occluded>0</occluded>
		<bndbox>
			<xmin>297</xmin>
			<xmax>372</xmax>
			<ymin>18</ymin>
			<ymax>168</ymax>
		</bndbox>
	</object>
</annotation>
