<annotation>
	<folder></folder>
	<filename>07cd2072dbcb6793_jpg.rf.5712e23a7780b42f4e069c5b1eaa45bd.jpg</filename>
	<path>07cd2072dbcb6793_jpg.rf.5712e23a7780b42f4e069c5b1eaa45bd.jpg</path>
	<source>
		<database>roboflow.ai</database>
	</source>
	<size>
		<width>416</width>
		<height>416</height>
		<depth>3</depth>
	</size>
	<segmented>0</segmented>
	<object>
		<name>Traffic-light</name>
		<pose>Unspecified</pose>
		<truncated>0</truncated>
		<difficult>0</difficult>
		<occluded>0</occluded>
		<bndbox>
			<xmin>106</xmin>
			<xmax>220</xmax>
			<ymin>317</ymin>
			<ymax>417</ymax>
		</bndbox>
	</object>
	<object>
		<name>Traffic-light</name>
		<pose>Unspecified</pose>
		<truncated>0</truncated>
		<difficult>0</difficult>
		<occluded>0</occluded>
		<bndbox>
			<xmin>387</xmin>
			<xmax>409</xmax>
			<ymin>334</ymin>
			<ymax>417</ymax>
		</bndbox>
	</object>
</annotation>
