<annotation>
	<folder></folder>
	<filename>07cd2072dbcb6793_jpg.rf.1aed27c33f0cae87d96150c450d784c6.jpg</filename>
	<path>07cd2072dbcb6793_jpg.rf.1aed27c33f0cae87d96150c450d784c6.jpg</path>
	<source>
		<database>roboflow.ai</database>
	</source>
	<size>
		<width>416</width>
		<height>416</height>
		<depth>3</depth>
	</size>
	<segmented>0</segmented>
	<object>
		<name>Traffic-light</name>
		<pose>Unspecified</pose>
		<truncated>0</truncated>
		<difficult>0</difficult>
		<occluded>0</occluded>
		<bndbox>
			<xmin>143</xmin>
			<xmax>250</xmax>
			<ymin>317</ymin>
			<ymax>417</ymax>
		</bndbox>
	</object>
	<object>
		<name>Traffic-light</name>
		<pose>Unspecified</pose>
		<truncated>0</truncated>
		<difficult>0</difficult>
		<occluded>0</occluded>
		<bndbox>
			<xmin>393</xmin>
			<xmax>417</xmax>
			<ymin>295</ymin>
			<ymax>397</ymax>
		</bndbox>
	</object>
</annotation>
