<annotation>
	<folder></folder>
	<filename>0838be59f01f3a25_jpg.rf.bd97f2d1165b867888981e6e15224ddd.jpg</filename>
	<path>0838be59f01f3a25_jpg.rf.bd97f2d1165b867888981e6e15224ddd.jpg</path>
	<source>
		<database>roboflow.ai</database>
	</source>
	<size>
		<width>416</width>
		<height>416</height>
		<depth>3</depth>
	</size>
	<segmented>0</segmented>
	<object>
		<name>Traffic-light</name>
		<pose>Unspecified</pose>
		<truncated>0</truncated>
		<difficult>0</difficult>
		<occluded>0</occluded>
		<bndbox>
			<xmin>271</xmin>
			<xmax>301</xmax>
			<ymin>49</ymin>
			<ymax>139</ymax>
		</bndbox>
	</object>
	<object>
		<name>Traffic-light</name>
		<pose>Unspecified</pose>
		<truncated>0</truncated>
		<difficult>0</difficult>
		<occluded>0</occluded>
		<bndbox>
			<xmin>298</xmin>
			<xmax>318</xmax>
			<ymin>86</ymin>
			<ymax>135</ymax>
		</bndbox>
	</object>
</annotation>
