<annotation>
	<folder></folder>
	<filename>0838be59f01f3a25_jpg.rf.c34473b4b3708d4944090dab10faa6ca.jpg</filename>
	<path>0838be59f01f3a25_jpg.rf.c34473b4b3708d4944090dab10faa6ca.jpg</path>
	<source>
		<database>roboflow.ai</database>
	</source>
	<size>
		<width>416</width>
		<height>416</height>
		<depth>3</depth>
	</size>
	<segmented>0</segmented>
	<object>
		<name>Traffic-light</name>
		<pose>Unspecified</pose>
		<truncated>0</truncated>
		<difficult>0</difficult>
		<occluded>0</occluded>
		<bndbox>
			<xmin>240</xmin>
			<xmax>279</xmax>
			<ymin>41</ymin>
			<ymax>133</ymax>
		</bndbox>
	</object>
	<object>
		<name>Traffic-light</name>
		<pose>Unspecified</pose>
		<truncated>0</truncated>
		<difficult>0</difficult>
		<occluded>0</occluded>
		<bndbox>
			<xmin>267</xmin>
			<xmax>292</xmax>
			<ymin>80</ymin>
			<ymax>131</ymax>
		</bndbox>
	</object>
</annotation>
