<annotation>
	<folder></folder>
	<filename>0932708a398a5d3f_jpg.rf.914d39cdfa67b141024d903335fbb7bc.jpg</filename>
	<path>0932708a398a5d3f_jpg.rf.914d39cdfa67b141024d903335fbb7bc.jpg</path>
	<source>
		<database>roboflow.ai</database>
	</source>
	<size>
		<width>416</width>
		<height>416</height>
		<depth>3</depth>
	</size>
	<segmented>0</segmented>
	<object>
		<name>Traffic-light</name>
		<pose>Unspecified</pose>
		<truncated>0</truncated>
		<difficult>0</difficult>
		<occluded>0</occluded>
		<bndbox>
			<xmin>20</xmin>
			<xmax>41</xmax>
			<ymin>102</ymin>
			<ymax>150</ymax>
		</bndbox>
	</object>
	<object>
		<name>Traffic-light</name>
		<pose>Unspecified</pose>
		<truncated>0</truncated>
		<difficult>0</difficult>
		<occluded>0</occluded>
		<bndbox>
			<xmin>89</xmin>
			<xmax>114</xmax>
			<ymin>95</ymin>
			<ymax>158</ymax>
		</bndbox>
	</object>
	<object>
		<name>Traffic-light</name>
		<pose>Unspecified</pose>
		<truncated>0</truncated>
		<difficult>0</difficult>
		<occluded>0</occluded>
		<bndbox>
			<xmin>164</xmin>
			<xmax>167</xmax>
			<ymin>314</ymin>
			<ymax>322</ymax>
		</bndbox>
	</object>
	<object>
		<name>Traffic-light</name>
		<pose>Unspecified</pose>
		<truncated>0</truncated>
		<difficult>0</difficult>
		<occluded>0</occluded>
		<bndbox>
			<xmin>204</xmin>
			<xmax>224</xmax>
			<ymin>96</ymin>
			<ymax>143</ymax>
		</bndbox>
	</object>
	<object>
		<name>Traffic-light</name>
		<pose>Unspecified</pose>
		<truncated>0</truncated>
		<difficult>0</difficult>
		<occluded>0</occluded>
		<bndbox>
			<xmin>233</xmin>
			<xmax>240</xmax>
			<ymin>273</ymin>
			<ymax>288</ymax>
		</bndbox>
	</object>
	<object>
		<name>Traffic-light</name>
		<pose>Unspecified</pose>
		<truncated>0</truncated>
		<difficult>0</difficult>
		<occluded>0</occluded>
		<bndbox>
			<xmin>244</xmin>
			<xmax>247</xmax>
			<ymin>300</ymin>
			<ymax>305</ymax>
		</bndbox>
	</object>
	<object>
		<name>Traffic-light</name>
		<pose>Unspecified</pose>
		<truncated>0</truncated>
		<difficult>0</difficult>
		<occluded>0</occluded>
		<bndbox>
			<xmin>245</xmin>
			<xmax>250</xmax>
			<ymin>282</ymin>
			<ymax>294</ymax>
		</bndbox>
	</object>
	<object>
		<name>Traffic-light</name>
		<pose>Unspecified</pose>
		<truncated>0</truncated>
		<difficult>0</difficult>
		<occluded>0</occluded>
		<bndbox>
			<xmin>251</xmin>
			<xmax>271</xmax>
			<ymin>98</ymin>
			<ymax>149</ymax>
		</bndbox>
	</object>
	<object>
		<name>Traffic-light</name>
		<pose>Unspecified</pose>
		<truncated>0</truncated>
		<difficult>0</difficult>
		<occluded>0</occluded>
		<bndbox>
			<xmin>254</xmin>
			<xmax>256</xmax>
			<ymin>301</ymin>
			<ymax>306</ymax>
		</bndbox>
	</object>
	<object>
		<name>Traffic-light</name>
		<pose>Unspecified</pose>
		<truncated>0</truncated>
		<difficult>0</difficult>
		<occluded>0</occluded>
		<bndbox>
			<xmin>262</xmin>
			<xmax>264</xmax>
			<ymin>302</ymin>
			<ymax>306</ymax>
		</bndbox>
	</object>
	<object>
		<name>Traffic-light</name>
		<pose>Unspecified</pose>
		<truncated>0</truncated>
		<difficult>0</difficult>
		<occluded>0</occluded>
		<bndbox>
			<xmin>276</xmin>
			<xmax>280</xmax>
			<ymin>283</ymin>
			<ymax>294</ymax>
		</bndbox>
	</object>
	<object>
		<name>Traffic-light</name>
		<pose>Unspecified</pose>
		<truncated>0</truncated>
		<difficult>0</difficult>
		<occluded>0</occluded>
		<bndbox>
			<xmin>351</xmin>
			<xmax>355</xmax>
			<ymin>279</ymin>
			<ymax>291</ymax>
		</bndbox>
	</object>
	<object>
		<name>Traffic-light</name>
		<pose>Unspecified</pose>
		<truncated>0</truncated>
		<difficult>0</difficult>
		<occluded>0</occluded>
		<bndbox>
			<xmin>360</xmin>
			<xmax>364</xmax>
			<ymin>292</ymin>
			<ymax>304</ymax>
		</bndbox>
	</object>
	<object>
		<name>Traffic-light</name>
		<pose>Unspecified</pose>
		<truncated>0</truncated>
		<difficult>0</difficult>
		<occluded>0</occluded>
		<bndbox>
			<xmin>383</xmin>
			<xmax>405</xmax>
			<ymin>93</ymin>
			<ymax>147</ymax>
		</bndbox>
	</object>
</annotation>
