<annotation>
	<folder></folder>
	<filename>094fdb5cc791f512_jpg.rf.c3d5eb4c8c7f5a64923215987cbbe14d.jpg</filename>
	<path>094fdb5cc791f512_jpg.rf.c3d5eb4c8c7f5a64923215987cbbe14d.jpg</path>
	<source>
		<database>roboflow.ai</database>
	</source>
	<size>
		<width>416</width>
		<height>416</height>
		<depth>3</depth>
	</size>
	<segmented>0</segmented>
	<object>
		<name>Traffic-light</name>
		<pose>Unspecified</pose>
		<truncated>0</truncated>
		<difficult>0</difficult>
		<occluded>0</occluded>
		<bndbox>
			<xmin>247</xmin>
			<xmax>291</xmax>
			<ymin>98</ymin>
			<ymax>163</ymax>
		</bndbox>
	</object>
</annotation>
