<annotation>
	<folder></folder>
	<filename>094fdb5cc791f512_jpg.rf.d0c93127e6d52a87b0cfb58902db3a32.jpg</filename>
	<path>094fdb5cc791f512_jpg.rf.d0c93127e6d52a87b0cfb58902db3a32.jpg</path>
	<source>
		<database>roboflow.ai</database>
	</source>
	<size>
		<width>416</width>
		<height>416</height>
		<depth>3</depth>
	</size>
	<segmented>0</segmented>
	<object>
		<name>Traffic-light</name>
		<pose>Unspecified</pose>
		<truncated>0</truncated>
		<difficult>0</difficult>
		<occluded>0</occluded>
		<bndbox>
			<xmin>224</xmin>
			<xmax>269</xmax>
			<ymin>83</ymin>
			<ymax>146</ymax>
		</bndbox>
	</object>
</annotation>
