<annotation>
	<folder></folder>
	<filename>0a88fd47e35bec84_jpg.rf.7b82f4a99f1eada3d4d29f059c8de088.jpg</filename>
	<path>0a88fd47e35bec84_jpg.rf.7b82f4a99f1eada3d4d29f059c8de088.jpg</path>
	<source>
		<database>roboflow.ai</database>
	</source>
	<size>
		<width>416</width>
		<height>416</height>
		<depth>3</depth>
	</size>
	<segmented>0</segmented>
	<object>
		<name>Traffic-light</name>
		<pose>Unspecified</pose>
		<truncated>0</truncated>
		<difficult>0</difficult>
		<occluded>0</occluded>
		<bndbox>
			<xmin>199</xmin>
			<xmax>295</xmax>
			<ymin>108</ymin>
			<ymax>290</ymax>
		</bndbox>
	</object>
</annotation>
