<annotation>
	<folder></folder>
	<filename>0a88fd47e35bec84_jpg.rf.dc2ae5272c37785192f96a13f5abf1b3.jpg</filename>
	<path>0a88fd47e35bec84_jpg.rf.dc2ae5272c37785192f96a13f5abf1b3.jpg</path>
	<source>
		<database>roboflow.ai</database>
	</source>
	<size>
		<width>416</width>
		<height>416</height>
		<depth>3</depth>
	</size>
	<segmented>0</segmented>
	<object>
		<name>Traffic-light</name>
		<pose>Unspecified</pose>
		<truncated>0</truncated>
		<difficult>0</difficult>
		<occluded>0</occluded>
		<bndbox>
			<xmin>182</xmin>
			<xmax>283</xmax>
			<ymin>83</ymin>
			<ymax>267</ymax>
		</bndbox>
	</object>
</annotation>
