<annotation>
	<folder></folder>
	<filename>0afce94eefb73a41_jpg.rf.619be4f36ba0f68c392d42761a465c54.jpg</filename>
	<path>0afce94eefb73a41_jpg.rf.619be4f36ba0f68c392d42761a465c54.jpg</path>
	<source>
		<database>roboflow.ai</database>
	</source>
	<size>
		<width>416</width>
		<height>416</height>
		<depth>3</depth>
	</size>
	<segmented>0</segmented>
	<object>
		<name>Traffic-light</name>
		<pose>Unspecified</pose>
		<truncated>0</truncated>
		<difficult>0</difficult>
		<occluded>0</occluded>
		<bndbox>
			<xmin>3</xmin>
			<xmax>140</xmax>
			<ymin>315</ymin>
			<ymax>409</ymax>
		</bndbox>
	</object>
	<object>
		<name>Traffic-light</name>
		<pose>Unspecified</pose>
		<truncated>0</truncated>
		<difficult>0</difficult>
		<occluded>0</occluded>
		<bndbox>
			<xmin>277</xmin>
			<xmax>397</xmax>
			<ymin>45</ymin>
			<ymax>271</ymax>
		</bndbox>
	</object>
</annotation>
