<annotation>
	<folder></folder>
	<filename>0afce94eefb73a41_jpg.rf.1f09e2be3943d952f8fd52e90dd7b9e9.jpg</filename>
	<path>0afce94eefb73a41_jpg.rf.1f09e2be3943d952f8fd52e90dd7b9e9.jpg</path>
	<source>
		<database>roboflow.ai</database>
	</source>
	<size>
		<width>416</width>
		<height>416</height>
		<depth>3</depth>
	</size>
	<segmented>0</segmented>
	<object>
		<name>Traffic-light</name>
		<pose>Unspecified</pose>
		<truncated>0</truncated>
		<difficult>0</difficult>
		<occluded>0</occluded>
		<bndbox>
			<xmin>1</xmin>
			<xmax>126</xmax>
			<ymin>294</ymin>
			<ymax>400</ymax>
		</bndbox>
	</object>
	<object>
		<name>Traffic-light</name>
		<pose>Unspecified</pose>
		<truncated>0</truncated>
		<difficult>0</difficult>
		<occluded>0</occluded>
		<bndbox>
			<xmin>271</xmin>
			<xmax>410</xmax>
			<ymin>37</ymin>
			<ymax>278</ymax>
		</bndbox>
	</object>
</annotation>
