<annotation>
	<folder></folder>
	<filename>0b67db506eb806f0_jpg.rf.9b3fd1a0378769eb892493cd354f1c84.jpg</filename>
	<path>0b67db506eb806f0_jpg.rf.9b3fd1a0378769eb892493cd354f1c84.jpg</path>
	<source>
		<database>roboflow.ai</database>
	</source>
	<size>
		<width>416</width>
		<height>416</height>
		<depth>3</depth>
	</size>
	<segmented>0</segmented>
	<object>
		<name>Traffic-light</name>
		<pose>Unspecified</pose>
		<truncated>0</truncated>
		<difficult>0</difficult>
		<occluded>0</occluded>
		<bndbox>
			<xmin>126</xmin>
			<xmax>291</xmax>
			<ymin>141</ymin>
			<ymax>373</ymax>
		</bndbox>
	</object>
</annotation>
