<annotation>
	<folder></folder>
	<filename>0b67db506eb806f0_jpg.rf.2deae2d22c9e6d9146b5ea3993ee6960.jpg</filename>
	<path>0b67db506eb806f0_jpg.rf.2deae2d22c9e6d9146b5ea3993ee6960.jpg</path>
	<source>
		<database>roboflow.ai</database>
	</source>
	<size>
		<width>416</width>
		<height>416</height>
		<depth>3</depth>
	</size>
	<segmented>0</segmented>
	<object>
		<name>Traffic-light</name>
		<pose>Unspecified</pose>
		<truncated>0</truncated>
		<difficult>0</difficult>
		<occluded>0</occluded>
		<bndbox>
			<xmin>153</xmin>
			<xmax>286</xmax>
			<ymin>141</ymin>
			<ymax>354</ymax>
		</bndbox>
	</object>
</annotation>
