<annotation>
	<folder></folder>
	<filename>0b8c0c8f53304636_jpg.rf.78d85f1843561d3eb26e508c4bf689d3.jpg</filename>
	<path>0b8c0c8f53304636_jpg.rf.78d85f1843561d3eb26e508c4bf689d3.jpg</path>
	<source>
		<database>roboflow.ai</database>
	</source>
	<size>
		<width>416</width>
		<height>416</height>
		<depth>3</depth>
	</size>
	<segmented>0</segmented>
	<object>
		<name>Traffic-light</name>
		<pose>Unspecified</pose>
		<truncated>0</truncated>
		<difficult>0</difficult>
		<occluded>0</occluded>
		<bndbox>
			<xmin>1</xmin>
			<xmax>84</xmax>
			<ymin>216</ymin>
			<ymax>359</ymax>
		</bndbox>
	</object>
	<object>
		<name>Traffic-light</name>
		<pose>Unspecified</pose>
		<truncated>0</truncated>
		<difficult>0</difficult>
		<occluded>0</occluded>
		<bndbox>
			<xmin>132</xmin>
			<xmax>248</xmax>
			<ymin>7</ymin>
			<ymax>376</ymax>
		</bndbox>
	</object>
</annotation>
