<annotation>
	<folder></folder>
	<filename>0b8c0c8f53304636_jpg.rf.4fa28547384489332b6f50ae16fa12da.jpg</filename>
	<path>0b8c0c8f53304636_jpg.rf.4fa28547384489332b6f50ae16fa12da.jpg</path>
	<source>
		<database>roboflow.ai</database>
	</source>
	<size>
		<width>416</width>
		<height>416</height>
		<depth>3</depth>
	</size>
	<segmented>0</segmented>
	<object>
		<name>Traffic-light</name>
		<pose>Unspecified</pose>
		<truncated>0</truncated>
		<difficult>0</difficult>
		<occluded>0</occluded>
		<bndbox>
			<xmin>26</xmin>
			<xmax>118</xmax>
			<ymin>196</ymin>
			<ymax>329</ymax>
		</bndbox>
	</object>
	<object>
		<name>Traffic-light</name>
		<pose>Unspecified</pose>
		<truncated>0</truncated>
		<difficult>0</difficult>
		<occluded>0</occluded>
		<bndbox>
			<xmin>156</xmin>
			<xmax>267</xmax>
			<ymin>1</ymin>
			<ymax>340</ymax>
		</bndbox>
	</object>
</annotation>
