<annotation>
	<folder></folder>
	<filename>0c613b7ff4c77b5b_jpg.rf.b003a6de62b0f2ea16db6887afa5c120.jpg</filename>
	<path>0c613b7ff4c77b5b_jpg.rf.b003a6de62b0f2ea16db6887afa5c120.jpg</path>
	<source>
		<database>roboflow.ai</database>
	</source>
	<size>
		<width>416</width>
		<height>416</height>
		<depth>3</depth>
	</size>
	<segmented>0</segmented>
	<object>
		<name>Traffic-light</name>
		<pose>Unspecified</pose>
		<truncated>0</truncated>
		<difficult>0</difficult>
		<occluded>0</occluded>
		<bndbox>
			<xmin>81</xmin>
			<xmax>189</xmax>
			<ymin>84</ymin>
			<ymax>377</ymax>
		</bndbox>
	</object>
	<object>
		<name>Traffic-light</name>
		<pose>Unspecified</pose>
		<truncated>0</truncated>
		<difficult>0</difficult>
		<occluded>0</occluded>
		<bndbox>
			<xmin>201</xmin>
			<xmax>393</xmax>
			<ymin>1</ymin>
			<ymax>306</ymax>
		</bndbox>
	</object>
	<object>
		<name>Traffic-light</name>
		<pose>Unspecified</pose>
		<truncated>0</truncated>
		<difficult>0</difficult>
		<occluded>0</occluded>
		<bndbox>
			<xmin>283</xmin>
			<xmax>357</xmax>
			<ymin>288</ymin>
			<ymax>401</ymax>
		</bndbox>
	</object>
</annotation>
