<annotation>
	<folder></folder>
	<filename>0d87d5208d9da8a0_jpg.rf.b808c9ea85125337364c63b2518247ba.jpg</filename>
	<path>0d87d5208d9da8a0_jpg.rf.b808c9ea85125337364c63b2518247ba.jpg</path>
	<source>
		<database>roboflow.ai</database>
	</source>
	<size>
		<width>416</width>
		<height>416</height>
		<depth>3</depth>
	</size>
	<segmented>0</segmented>
	<object>
		<name>Traffic-light</name>
		<pose>Unspecified</pose>
		<truncated>0</truncated>
		<difficult>0</difficult>
		<occluded>0</occluded>
		<bndbox>
			<xmin>222</xmin>
			<xmax>256</xmax>
			<ymin>37</ymin>
			<ymax>124</ymax>
		</bndbox>
	</object>
	<object>
		<name>Traffic-light</name>
		<pose>Unspecified</pose>
		<truncated>0</truncated>
		<difficult>0</difficult>
		<occluded>0</occluded>
		<bndbox>
			<xmin>298</xmin>
			<xmax>331</xmax>
			<ymin>54</ymin>
			<ymax>139</ymax>
		</bndbox>
	</object>
	<object>
		<name>Traffic-light</name>
		<pose>Unspecified</pose>
		<truncated>0</truncated>
		<difficult>0</difficult>
		<occluded>0</occluded>
		<bndbox>
			<xmin>378</xmin>
			<xmax>412</xmax>
			<ymin>71</ymin>
			<ymax>156</ymax>
		</bndbox>
	</object>
</annotation>
