<annotation>
	<folder></folder>
	<filename>0d87d5208d9da8a0_jpg.rf.c74a9c1ae12539f9a4348dcbae455fca.jpg</filename>
	<path>0d87d5208d9da8a0_jpg.rf.c74a9c1ae12539f9a4348dcbae455fca.jpg</path>
	<source>
		<database>roboflow.ai</database>
	</source>
	<size>
		<width>416</width>
		<height>416</height>
		<depth>3</depth>
	</size>
	<segmented>0</segmented>
	<object>
		<name>Traffic-light</name>
		<pose>Unspecified</pose>
		<truncated>0</truncated>
		<difficult>0</difficult>
		<occluded>0</occluded>
		<bndbox>
			<xmin>175</xmin>
			<xmax>209</xmax>
			<ymin>14</ymin>
			<ymax>106</ymax>
		</bndbox>
	</object>
	<object>
		<name>Traffic-light</name>
		<pose>Unspecified</pose>
		<truncated>0</truncated>
		<difficult>0</difficult>
		<occluded>0</occluded>
		<bndbox>
			<xmin>257</xmin>
			<xmax>291</xmax>
			<ymin>8</ymin>
			<ymax>98</ymax>
		</bndbox>
	</object>
	<object>
		<name>Traffic-light</name>
		<pose>Unspecified</pose>
		<truncated>0</truncated>
		<difficult>0</difficult>
		<occluded>0</occluded>
		<bndbox>
			<xmin>343</xmin>
			<xmax>378</xmax>
			<ymin>1</ymin>
			<ymax>90</ymax>
		</bndbox>
	</object>
</annotation>
