<annotation>
	<folder></folder>
	<filename>0fe6d5b23c0d8981_jpg.rf.ae416fbc90362758c2548d34ee7cbfa4.jpg</filename>
	<path>0fe6d5b23c0d8981_jpg.rf.ae416fbc90362758c2548d34ee7cbfa4.jpg</path>
	<source>
		<database>roboflow.ai</database>
	</source>
	<size>
		<width>416</width>
		<height>416</height>
		<depth>3</depth>
	</size>
	<segmented>0</segmented>
	<object>
		<name>Traffic-light</name>
		<pose>Unspecified</pose>
		<truncated>0</truncated>
		<difficult>0</difficult>
		<occluded>0</occluded>
		<bndbox>
			<xmin>99</xmin>
			<xmax>231</xmax>
			<ymin>147</ymin>
			<ymax>288</ymax>
		</bndbox>
	</object>
	<object>
		<name>Traffic-light</name>
		<pose>Unspecified</pose>
		<truncated>0</truncated>
		<difficult>0</difficult>
		<occluded>0</occluded>
		<bndbox>
			<xmin>148</xmin>
			<xmax>248</xmax>
			<ymin>12</ymin>
			<ymax>161</ymax>
		</bndbox>
	</object>
	<object>
		<name>Traffic-light</name>
		<pose>Unspecified</pose>
		<truncated>0</truncated>
		<difficult>0</difficult>
		<occluded>0</occluded>
		<bndbox>
			<xmin>236</xmin>
			<xmax>346</xmax>
			<ymin>172</ymin>
			<ymax>264</ymax>
		</bndbox>
	</object>
</annotation>
