<annotation>
	<folder></folder>
	<filename>0fe6d5b23c0d8981_jpg.rf.99e9bba5ef6668524b6c961337920606.jpg</filename>
	<path>0fe6d5b23c0d8981_jpg.rf.99e9bba5ef6668524b6c961337920606.jpg</path>
	<source>
		<database>roboflow.ai</database>
	</source>
	<size>
		<width>416</width>
		<height>416</height>
		<depth>3</depth>
	</size>
	<segmented>0</segmented>
	<object>
		<name>Traffic-light</name>
		<pose>Unspecified</pose>
		<truncated>0</truncated>
		<difficult>0</difficult>
		<occluded>0</occluded>
		<bndbox>
			<xmin>99</xmin>
			<xmax>209</xmax>
			<ymin>169</ymin>
			<ymax>288</ymax>
		</bndbox>
	</object>
	<object>
		<name>Traffic-light</name>
		<pose>Unspecified</pose>
		<truncated>0</truncated>
		<difficult>0</difficult>
		<occluded>0</occluded>
		<bndbox>
			<xmin>130</xmin>
			<xmax>209</xmax>
			<ymin>39</ymin>
			<ymax>170</ymax>
		</bndbox>
	</object>
	<object>
		<name>Traffic-light</name>
		<pose>Unspecified</pose>
		<truncated>0</truncated>
		<difficult>0</difficult>
		<occluded>0</occluded>
		<bndbox>
			<xmin>222</xmin>
			<xmax>316</xmax>
			<ymin>177</ymin>
			<ymax>252</ymax>
		</bndbox>
	</object>
</annotation>
