<annotation>
	<folder></folder>
	<filename>108f4e2058cec196_jpg.rf.cdaf512a312c54fad44a7537e4adfcae.jpg</filename>
	<path>108f4e2058cec196_jpg.rf.cdaf512a312c54fad44a7537e4adfcae.jpg</path>
	<source>
		<database>roboflow.ai</database>
	</source>
	<size>
		<width>416</width>
		<height>416</height>
		<depth>3</depth>
	</size>
	<segmented>0</segmented>
	<object>
		<name>Traffic-light</name>
		<pose>Unspecified</pose>
		<truncated>0</truncated>
		<difficult>0</difficult>
		<occluded>0</occluded>
		<bndbox>
			<xmin>165</xmin>
			<xmax>182</xmax>
			<ymin>209</ymin>
			<ymax>253</ymax>
		</bndbox>
	</object>
</annotation>
