<annotation>
	<folder></folder>
	<filename>108f4e2058cec196_jpg.rf.59fa74a8aa291943f41fd75ec519ef16.jpg</filename>
	<path>108f4e2058cec196_jpg.rf.59fa74a8aa291943f41fd75ec519ef16.jpg</path>
	<source>
		<database>roboflow.ai</database>
	</source>
	<size>
		<width>416</width>
		<height>416</height>
		<depth>3</depth>
	</size>
	<segmented>0</segmented>
	<object>
		<name>Traffic-light</name>
		<pose>Unspecified</pose>
		<truncated>0</truncated>
		<difficult>0</difficult>
		<occluded>0</occluded>
		<bndbox>
			<xmin>166</xmin>
			<xmax>190</xmax>
			<ymin>191</ymin>
			<ymax>240</ymax>
		</bndbox>
	</object>
</annotation>
