<annotation>
	<folder></folder>
	<filename>10f3f6d1ba1742eb_jpg.rf.fafac656269357b1cb7bc5c2341f103a.jpg</filename>
	<path>10f3f6d1ba1742eb_jpg.rf.fafac656269357b1cb7bc5c2341f103a.jpg</path>
	<source>
		<database>roboflow.ai</database>
	</source>
	<size>
		<width>416</width>
		<height>416</height>
		<depth>3</depth>
	</size>
	<segmented>0</segmented>
	<object>
		<name>Traffic-light</name>
		<pose>Unspecified</pose>
		<truncated>0</truncated>
		<difficult>0</difficult>
		<occluded>0</occluded>
		<bndbox>
			<xmin>166</xmin>
			<xmax>196</xmax>
			<ymin>61</ymin>
			<ymax>147</ymax>
		</bndbox>
	</object>
	<object>
		<name>Traffic-light</name>
		<pose>Unspecified</pose>
		<truncated>0</truncated>
		<difficult>0</difficult>
		<occluded>0</occluded>
		<bndbox>
			<xmin>345</xmin>
			<xmax>375</xmax>
			<ymin>79</ymin>
			<ymax>195</ymax>
		</bndbox>
	</object>
	<object>
		<name>Traffic-light</name>
		<pose>Unspecified</pose>
		<truncated>0</truncated>
		<difficult>0</difficult>
		<occluded>0</occluded>
		<bndbox>
			<xmin>374</xmin>
			<xmax>405</xmax>
			<ymin>130</ymin>
			<ymax>194</ymax>
		</bndbox>
	</object>
</annotation>
