<annotation>
	<folder></folder>
	<filename>10f3f6d1ba1742eb_jpg.rf.3f4a8f351d1e4bc7ec9c1d7a61ec8b35.jpg</filename>
	<path>10f3f6d1ba1742eb_jpg.rf.3f4a8f351d1e4bc7ec9c1d7a61ec8b35.jpg</path>
	<source>
		<database>roboflow.ai</database>
	</source>
	<size>
		<width>416</width>
		<height>416</height>
		<depth>3</depth>
	</size>
	<segmented>0</segmented>
	<object>
		<name>Traffic-light</name>
		<pose>Unspecified</pose>
		<truncated>0</truncated>
		<difficult>0</difficult>
		<occluded>0</occluded>
		<bndbox>
			<xmin>148</xmin>
			<xmax>184</xmax>
			<ymin>69</ymin>
			<ymax>159</ymax>
		</bndbox>
	</object>
	<object>
		<name>Traffic-light</name>
		<pose>Unspecified</pose>
		<truncated>0</truncated>
		<difficult>0</difficult>
		<occluded>0</occluded>
		<bndbox>
			<xmin>335</xmin>
			<xmax>372</xmax>
			<ymin>78</ymin>
			<ymax>200</ymax>
		</bndbox>
	</object>
	<object>
		<name>Traffic-light</name>
		<pose>Unspecified</pose>
		<truncated>0</truncated>
		<difficult>0</difficult>
		<occluded>0</occluded>
		<bndbox>
			<xmin>367</xmin>
			<xmax>402</xmax>
			<ymin>129</ymin>
			<ymax>198</ymax>
		</bndbox>
	</object>
</annotation>
