<annotation>
	<folder></folder>
	<filename>111eeb0bc6e610fd_jpg.rf.f0b77e8c181ba371452e91ff17eb08ef.jpg</filename>
	<path>111eeb0bc6e610fd_jpg.rf.f0b77e8c181ba371452e91ff17eb08ef.jpg</path>
	<source>
		<database>roboflow.ai</database>
	</source>
	<size>
		<width>416</width>
		<height>416</height>
		<depth>3</depth>
	</size>
	<segmented>0</segmented>
	<object>
		<name>Traffic-light</name>
		<pose>Unspecified</pose>
		<truncated>0</truncated>
		<difficult>0</difficult>
		<occluded>0</occluded>
		<bndbox>
			<xmin>61</xmin>
			<xmax>234</xmax>
			<ymin>10</ymin>
			<ymax>219</ymax>
		</bndbox>
	</object>
	<object>
		<name>Traffic-light</name>
		<pose>Unspecified</pose>
		<truncated>0</truncated>
		<difficult>0</difficult>
		<occluded>0</occluded>
		<bndbox>
			<xmin>194</xmin>
			<xmax>305</xmax>
			<ymin>1</ymin>
			<ymax>156</ymax>
		</bndbox>
	</object>
</annotation>
