<annotation>
	<folder></folder>
	<filename>111eeb0bc6e610fd_jpg.rf.eb3e152bf3d120ccdcb4f5c42098630d.jpg</filename>
	<path>111eeb0bc6e610fd_jpg.rf.eb3e152bf3d120ccdcb4f5c42098630d.jpg</path>
	<source>
		<database>roboflow.ai</database>
	</source>
	<size>
		<width>416</width>
		<height>416</height>
		<depth>3</depth>
	</size>
	<segmented>0</segmented>
	<object>
		<name>Traffic-light</name>
		<pose>Unspecified</pose>
		<truncated>0</truncated>
		<difficult>0</difficult>
		<occluded>0</occluded>
		<bndbox>
			<xmin>36</xmin>
			<xmax>228</xmax>
			<ymin>24</ymin>
			<ymax>247</ymax>
		</bndbox>
	</object>
	<object>
		<name>Traffic-light</name>
		<pose>Unspecified</pose>
		<truncated>0</truncated>
		<difficult>0</difficult>
		<occluded>0</occluded>
		<bndbox>
			<xmin>173</xmin>
			<xmax>300</xmax>
			<ymin>25</ymin>
			<ymax>196</ymax>
		</bndbox>
	</object>
</annotation>
