<annotation>
	<folder></folder>
	<filename>11271a514bdf08bb_jpg.rf.58063454f418b4c75de60cb31e09cbe8.jpg</filename>
	<path>11271a514bdf08bb_jpg.rf.58063454f418b4c75de60cb31e09cbe8.jpg</path>
	<source>
		<database>roboflow.ai</database>
	</source>
	<size>
		<width>416</width>
		<height>416</height>
		<depth>3</depth>
	</size>
	<segmented>0</segmented>
	<object>
		<name>Traffic-light</name>
		<pose>Unspecified</pose>
		<truncated>0</truncated>
		<difficult>0</difficult>
		<occluded>0</occluded>
		<bndbox>
			<xmin>56</xmin>
			<xmax>134</xmax>
			<ymin>8</ymin>
			<ymax>121</ymax>
		</bndbox>
	</object>
</annotation>
