<annotation>
	<folder></folder>
	<filename>11271a514bdf08bb_jpg.rf.ccac27a4d1af4ad15fb77dbf3f99ab49.jpg</filename>
	<path>11271a514bdf08bb_jpg.rf.ccac27a4d1af4ad15fb77dbf3f99ab49.jpg</path>
	<source>
		<database>roboflow.ai</database>
	</source>
	<size>
		<width>416</width>
		<height>416</height>
		<depth>3</depth>
	</size>
	<segmented>0</segmented>
	<object>
		<name>Traffic-light</name>
		<pose>Unspecified</pose>
		<truncated>0</truncated>
		<difficult>0</difficult>
		<occluded>0</occluded>
		<bndbox>
			<xmin>33</xmin>
			<xmax>115</xmax>
			<ymin>75</ymin>
			<ymax>185</ymax>
		</bndbox>
	</object>
</annotation>
