<annotation>
	<folder></folder>
	<filename>1152e0b8c28c1140_jpg.rf.542a34259008678c52b1ef41225a8e20.jpg</filename>
	<path>1152e0b8c28c1140_jpg.rf.542a34259008678c52b1ef41225a8e20.jpg</path>
	<source>
		<database>roboflow.ai</database>
	</source>
	<size>
		<width>416</width>
		<height>416</height>
		<depth>3</depth>
	</size>
	<segmented>0</segmented>
	<object>
		<name>Traffic-light</name>
		<pose>Unspecified</pose>
		<truncated>0</truncated>
		<difficult>0</difficult>
		<occluded>0</occluded>
		<bndbox>
			<xmin>160</xmin>
			<xmax>197</xmax>
			<ymin>176</ymin>
			<ymax>198</ymax>
		</bndbox>
	</object>
</annotation>
