<annotation>
	<folder></folder>
	<filename>1152e0b8c28c1140_jpg.rf.3e216a4363a879de08051f40d7762dd6.jpg</filename>
	<path>1152e0b8c28c1140_jpg.rf.3e216a4363a879de08051f40d7762dd6.jpg</path>
	<source>
		<database>roboflow.ai</database>
	</source>
	<size>
		<width>416</width>
		<height>416</height>
		<depth>3</depth>
	</size>
	<segmented>0</segmented>
	<object>
		<name>Traffic-light</name>
		<pose>Unspecified</pose>
		<truncated>0</truncated>
		<difficult>0</difficult>
		<occluded>0</occluded>
		<bndbox>
			<xmin>159</xmin>
			<xmax>195</xmax>
			<ymin>189</ymin>
			<ymax>207</ymax>
		</bndbox>
	</object>
</annotation>
