<annotation>
	<folder></folder>
	<filename>12d76e844a88c402_jpg.rf.261ee558f6dde177a3f03e20cbc4be63.jpg</filename>
	<path>12d76e844a88c402_jpg.rf.261ee558f6dde177a3f03e20cbc4be63.jpg</path>
	<source>
		<database>roboflow.ai</database>
	</source>
	<size>
		<width>416</width>
		<height>416</height>
		<depth>3</depth>
	</size>
	<segmented>0</segmented>
	<object>
		<name>Traffic-light</name>
		<pose>Unspecified</pose>
		<truncated>0</truncated>
		<difficult>0</difficult>
		<occluded>0</occluded>
		<bndbox>
			<xmin>24</xmin>
			<xmax>132</xmax>
			<ymin>23</ymin>
			<ymax>175</ymax>
		</bndbox>
	</object>
</annotation>
