<annotation>
	<folder></folder>
	<filename>12d76e844a88c402_jpg.rf.4cb99aaa814b31d2affc70d5fb4ed412.jpg</filename>
	<path>12d76e844a88c402_jpg.rf.4cb99aaa814b31d2affc70d5fb4ed412.jpg</path>
	<source>
		<database>roboflow.ai</database>
	</source>
	<size>
		<width>416</width>
		<height>416</height>
		<depth>3</depth>
	</size>
	<segmented>0</segmented>
	<object>
		<name>Traffic-light</name>
		<pose>Unspecified</pose>
		<truncated>0</truncated>
		<difficult>0</difficult>
		<occluded>0</occluded>
		<bndbox>
			<xmin>40</xmin>
			<xmax>140</xmax>
			<ymin>83</ymin>
			<ymax>228</ymax>
		</bndbox>
	</object>
</annotation>
