<annotation>
	<folder></folder>
	<filename>13087e656de76069_jpg.rf.c339acfc0f06d05d684c566d41b7311a.jpg</filename>
	<path>13087e656de76069_jpg.rf.c339acfc0f06d05d684c566d41b7311a.jpg</path>
	<source>
		<database>roboflow.ai</database>
	</source>
	<size>
		<width>416</width>
		<height>416</height>
		<depth>3</depth>
	</size>
	<segmented>0</segmented>
	<object>
		<name>Traffic-light</name>
		<pose>Unspecified</pose>
		<truncated>0</truncated>
		<difficult>0</difficult>
		<occluded>0</occluded>
		<bndbox>
			<xmin>257</xmin>
			<xmax>282</xmax>
			<ymin>5</ymin>
			<ymax>52</ymax>
		</bndbox>
	</object>
	<object>
		<name>Traffic-light</name>
		<pose>Unspecified</pose>
		<truncated>0</truncated>
		<difficult>0</difficult>
		<occluded>0</occluded>
		<bndbox>
			<xmin>260</xmin>
			<xmax>284</xmax>
			<ymin>52</ymin>
			<ymax>104</ymax>
		</bndbox>
	</object>
	<object>
		<name>Traffic-light</name>
		<pose>Unspecified</pose>
		<truncated>0</truncated>
		<difficult>0</difficult>
		<occluded>0</occluded>
		<bndbox>
			<xmin>275</xmin>
			<xmax>290</xmax>
			<ymin>201</ymin>
			<ymax>232</ymax>
		</bndbox>
	</object>
	<object>
		<name>Traffic-light</name>
		<pose>Unspecified</pose>
		<truncated>0</truncated>
		<difficult>0</difficult>
		<occluded>0</occluded>
		<bndbox>
			<xmin>294</xmin>
			<xmax>321</xmax>
			<ymin>52</ymin>
			<ymax>110</ymax>
		</bndbox>
	</object>
</annotation>
