<annotation>
	<folder></folder>
	<filename>157a937d3b182743_jpg.rf.9d9f4fb0f236c7f97b682c0b73cc5415.jpg</filename>
	<path>157a937d3b182743_jpg.rf.9d9f4fb0f236c7f97b682c0b73cc5415.jpg</path>
	<source>
		<database>roboflow.ai</database>
	</source>
	<size>
		<width>416</width>
		<height>416</height>
		<depth>3</depth>
	</size>
	<segmented>0</segmented>
	<object>
		<name>Traffic-light</name>
		<pose>Unspecified</pose>
		<truncated>0</truncated>
		<difficult>0</difficult>
		<occluded>0</occluded>
		<bndbox>
			<xmin>374</xmin>
			<xmax>417</xmax>
			<ymin>4</ymin>
			<ymax>77</ymax>
		</bndbox>
	</object>
</annotation>
