<annotation>
	<folder></folder>
	<filename>157a937d3b182743_jpg.rf.66f657b1aca0b2011de9d0fdb62324e3.jpg</filename>
	<path>157a937d3b182743_jpg.rf.66f657b1aca0b2011de9d0fdb62324e3.jpg</path>
	<source>
		<database>roboflow.ai</database>
	</source>
	<size>
		<width>416</width>
		<height>416</height>
		<depth>3</depth>
	</size>
	<segmented>0</segmented>
	<object>
		<name>Traffic-light</name>
		<pose>Unspecified</pose>
		<truncated>0</truncated>
		<difficult>0</difficult>
		<occluded>0</occluded>
		<bndbox>
			<xmin>338</xmin>
			<xmax>408</xmax>
			<ymin>1</ymin>
			<ymax>74</ymax>
		</bndbox>
	</object>
</annotation>
