<annotation>
	<folder></folder>
	<filename>176fd2ecb2098be4_jpg.rf.ea5baa035c94630ab73b24e5997bc46d.jpg</filename>
	<path>176fd2ecb2098be4_jpg.rf.ea5baa035c94630ab73b24e5997bc46d.jpg</path>
	<source>
		<database>roboflow.ai</database>
	</source>
	<size>
		<width>416</width>
		<height>416</height>
		<depth>3</depth>
	</size>
	<segmented>0</segmented>
	<object>
		<name>Traffic-light</name>
		<pose>Unspecified</pose>
		<truncated>0</truncated>
		<difficult>0</difficult>
		<occluded>0</occluded>
		<bndbox>
			<xmin>99</xmin>
			<xmax>199</xmax>
			<ymin>200</ymin>
			<ymax>320</ymax>
		</bndbox>
	</object>
	<object>
		<name>Traffic-light</name>
		<pose>Unspecified</pose>
		<truncated>0</truncated>
		<difficult>0</difficult>
		<occluded>0</occluded>
		<bndbox>
			<xmin>283</xmin>
			<xmax>367</xmax>
			<ymin>312</ymin>
			<ymax>417</ymax>
		</bndbox>
	</object>
</annotation>
