<annotation>
	<folder></folder>
	<filename>176fd2ecb2098be4_jpg.rf.3ac5c67abaa9b648e32f39026d7656a9.jpg</filename>
	<path>176fd2ecb2098be4_jpg.rf.3ac5c67abaa9b648e32f39026d7656a9.jpg</path>
	<source>
		<database>roboflow.ai</database>
	</source>
	<size>
		<width>416</width>
		<height>416</height>
		<depth>3</depth>
	</size>
	<segmented>0</segmented>
	<object>
		<name>Traffic-light</name>
		<pose>Unspecified</pose>
		<truncated>0</truncated>
		<difficult>0</difficult>
		<occluded>0</occluded>
		<bndbox>
			<xmin>105</xmin>
			<xmax>192</xmax>
			<ymin>267</ymin>
			<ymax>380</ymax>
		</bndbox>
	</object>
	<object>
		<name>Traffic-light</name>
		<pose>Unspecified</pose>
		<truncated>0</truncated>
		<difficult>0</difficult>
		<occluded>0</occluded>
		<bndbox>
			<xmin>319</xmin>
			<xmax>383</xmax>
			<ymin>326</ymin>
			<ymax>410</ymax>
		</bndbox>
	</object>
</annotation>
