<annotation>
	<folder></folder>
	<filename>17bc26d10e8bf0e8_jpg.rf.98b53c41f57fce3754d4ec242e2c0698.jpg</filename>
	<path>17bc26d10e8bf0e8_jpg.rf.98b53c41f57fce3754d4ec242e2c0698.jpg</path>
	<source>
		<database>roboflow.ai</database>
	</source>
	<size>
		<width>416</width>
		<height>416</height>
		<depth>3</depth>
	</size>
	<segmented>0</segmented>
	<object>
		<name>Traffic-light</name>
		<pose>Unspecified</pose>
		<truncated>0</truncated>
		<difficult>0</difficult>
		<occluded>0</occluded>
		<bndbox>
			<xmin>284</xmin>
			<xmax>364</xmax>
			<ymin>27</ymin>
			<ymax>102</ymax>
		</bndbox>
	</object>
	<object>
		<name>Traffic-light</name>
		<pose>Unspecified</pose>
		<truncated>0</truncated>
		<difficult>0</difficult>
		<occluded>0</occluded>
		<bndbox>
			<xmin>363</xmin>
			<xmax>370</xmax>
			<ymin>135</ymin>
			<ymax>146</ymax>
		</bndbox>
	</object>
	<object>
		<name>Traffic-light</name>
		<pose>Unspecified</pose>
		<truncated>0</truncated>
		<difficult>0</difficult>
		<occluded>0</occluded>
		<bndbox>
			<xmin>362</xmin>
			<xmax>367</xmax>
			<ymin>151</ymin>
			<ymax>157</ymax>
		</bndbox>
	</object>
</annotation>
