<annotation>
	<folder></folder>
	<filename>17bc26d10e8bf0e8_jpg.rf.50a71a58cc011be531b238e72b943ee2.jpg</filename>
	<path>17bc26d10e8bf0e8_jpg.rf.50a71a58cc011be531b238e72b943ee2.jpg</path>
	<source>
		<database>roboflow.ai</database>
	</source>
	<size>
		<width>416</width>
		<height>416</height>
		<depth>3</depth>
	</size>
	<segmented>0</segmented>
	<object>
		<name>Traffic-light</name>
		<pose>Unspecified</pose>
		<truncated>0</truncated>
		<difficult>0</difficult>
		<occluded>0</occluded>
		<bndbox>
			<xmin>310</xmin>
			<xmax>397</xmax>
			<ymin>13</ymin>
			<ymax>94</ymax>
		</bndbox>
	</object>
	<object>
		<name>Traffic-light</name>
		<pose>Unspecified</pose>
		<truncated>0</truncated>
		<difficult>0</difficult>
		<occluded>0</occluded>
		<bndbox>
			<xmin>404</xmin>
			<xmax>411</xmax>
			<ymin>131</ymin>
			<ymax>143</ymax>
		</bndbox>
	</object>
	<object>
		<name>Traffic-light</name>
		<pose>Unspecified</pose>
		<truncated>0</truncated>
		<difficult>0</difficult>
		<occluded>0</occluded>
		<bndbox>
			<xmin>405</xmin>
			<xmax>410</xmax>
			<ymin>150</ymin>
			<ymax>156</ymax>
		</bndbox>
	</object>
</annotation>
