<annotation>
	<folder></folder>
	<filename>17c0115aebed9d5d_jpg.rf.2c871e10bea6d995174731c7052d0a04.jpg</filename>
	<path>17c0115aebed9d5d_jpg.rf.2c871e10bea6d995174731c7052d0a04.jpg</path>
	<source>
		<database>roboflow.ai</database>
	</source>
	<size>
		<width>416</width>
		<height>416</height>
		<depth>3</depth>
	</size>
	<segmented>0</segmented>
	<object>
		<name>Traffic-light</name>
		<pose>Unspecified</pose>
		<truncated>0</truncated>
		<difficult>0</difficult>
		<occluded>0</occluded>
		<bndbox>
			<xmin>1</xmin>
			<xmax>133</xmax>
			<ymin>27</ymin>
			<ymax>417</ymax>
		</bndbox>
	</object>
	<object>
		<name>Traffic-light</name>
		<pose>Unspecified</pose>
		<truncated>0</truncated>
		<difficult>0</difficult>
		<occluded>0</occluded>
		<bndbox>
			<xmin>87</xmin>
			<xmax>296</xmax>
			<ymin>1</ymin>
			<ymax>412</ymax>
		</bndbox>
	</object>
</annotation>
