<annotation>
	<folder></folder>
	<filename>17c0115aebed9d5d_jpg.rf.a4aee2ebb11ffa9849e09c3d13384cfb.jpg</filename>
	<path>17c0115aebed9d5d_jpg.rf.a4aee2ebb11ffa9849e09c3d13384cfb.jpg</path>
	<source>
		<database>roboflow.ai</database>
	</source>
	<size>
		<width>416</width>
		<height>416</height>
		<depth>3</depth>
	</size>
	<segmented>0</segmented>
	<object>
		<name>Traffic-light</name>
		<pose>Unspecified</pose>
		<truncated>0</truncated>
		<difficult>0</difficult>
		<occluded>0</occluded>
		<bndbox>
			<xmin>1</xmin>
			<xmax>144</xmax>
			<ymin>1</ymin>
			<ymax>396</ymax>
		</bndbox>
	</object>
	<object>
		<name>Traffic-light</name>
		<pose>Unspecified</pose>
		<truncated>0</truncated>
		<difficult>0</difficult>
		<occluded>0</occluded>
		<bndbox>
			<xmin>110</xmin>
			<xmax>300</xmax>
			<ymin>1</ymin>
			<ymax>383</ymax>
		</bndbox>
	</object>
</annotation>
