<annotation>
	<folder></folder>
	<filename>19bf5e4bdb1fc785_jpg.rf.5cbb58e8d6623ce1e3e4937ea7db1374.jpg</filename>
	<path>19bf5e4bdb1fc785_jpg.rf.5cbb58e8d6623ce1e3e4937ea7db1374.jpg</path>
	<source>
		<database>roboflow.ai</database>
	</source>
	<size>
		<width>416</width>
		<height>416</height>
		<depth>3</depth>
	</size>
	<segmented>0</segmented>
	<object>
		<name>Traffic-light</name>
		<pose>Unspecified</pose>
		<truncated>0</truncated>
		<difficult>0</difficult>
		<occluded>0</occluded>
		<bndbox>
			<xmin>25</xmin>
			<xmax>335</xmax>
			<ymin>1</ymin>
			<ymax>417</ymax>
		</bndbox>
	</object>
</annotation>
