<annotation>
	<folder></folder>
	<filename>19c0beb6360f9dac_jpg.rf.1744977d1a19448ae76ae14ea5004755.jpg</filename>
	<path>19c0beb6360f9dac_jpg.rf.1744977d1a19448ae76ae14ea5004755.jpg</path>
	<source>
		<database>roboflow.ai</database>
	</source>
	<size>
		<width>416</width>
		<height>416</height>
		<depth>3</depth>
	</size>
	<segmented>0</segmented>
	<object>
		<name>Traffic-light</name>
		<pose>Unspecified</pose>
		<truncated>0</truncated>
		<difficult>0</difficult>
		<occluded>0</occluded>
		<bndbox>
			<xmin>1</xmin>
			<xmax>9</xmax>
			<ymin>305</ymin>
			<ymax>330</ymax>
		</bndbox>
	</object>
	<object>
		<name>Traffic-light</name>
		<pose>Unspecified</pose>
		<truncated>0</truncated>
		<difficult>0</difficult>
		<occluded>0</occluded>
		<bndbox>
			<xmin>130</xmin>
			<xmax>167</xmax>
			<ymin>1</ymin>
			<ymax>21</ymax>
		</bndbox>
	</object>
	<object>
		<name>Traffic-light</name>
		<pose>Unspecified</pose>
		<truncated>0</truncated>
		<difficult>0</difficult>
		<occluded>0</occluded>
		<bndbox>
			<xmin>354</xmin>
			<xmax>380</xmax>
			<ymin>26</ymin>
			<ymax>51</ymax>
		</bndbox>
	</object>
	<object>
		<name>Traffic-light</name>
		<pose>Unspecified</pose>
		<truncated>0</truncated>
		<difficult>0</difficult>
		<occluded>0</occluded>
		<bndbox>
			<xmin>342</xmin>
			<xmax>371</xmax>
			<ymin>142</ymin>
			<ymax>200</ymax>
		</bndbox>
	</object>
</annotation>
