<annotation>
	<folder></folder>
	<filename>1afb4e618588eb2d_jpg.rf.627d107d12b43e7795abb135f41ca72a.jpg</filename>
	<path>1afb4e618588eb2d_jpg.rf.627d107d12b43e7795abb135f41ca72a.jpg</path>
	<source>
		<database>roboflow.ai</database>
	</source>
	<size>
		<width>416</width>
		<height>416</height>
		<depth>3</depth>
	</size>
	<segmented>0</segmented>
	<object>
		<name>Traffic-light</name>
		<pose>Unspecified</pose>
		<truncated>0</truncated>
		<difficult>0</difficult>
		<occluded>0</occluded>
		<bndbox>
			<xmin>322</xmin>
			<xmax>339</xmax>
			<ymin>99</ymin>
			<ymax>138</ymax>
		</bndbox>
	</object>
</annotation>
