<annotation>
	<folder></folder>
	<filename>1afb4e618588eb2d_jpg.rf.fe7fa005be8a7dcde8b40b3d2c7668dd.jpg</filename>
	<path>1afb4e618588eb2d_jpg.rf.fe7fa005be8a7dcde8b40b3d2c7668dd.jpg</path>
	<source>
		<database>roboflow.ai</database>
	</source>
	<size>
		<width>416</width>
		<height>416</height>
		<depth>3</depth>
	</size>
	<segmented>0</segmented>
	<object>
		<name>Traffic-light</name>
		<pose>Unspecified</pose>
		<truncated>0</truncated>
		<difficult>0</difficult>
		<occluded>0</occluded>
		<bndbox>
			<xmin>331</xmin>
			<xmax>353</xmax>
			<ymin>94</ymin>
			<ymax>136</ymax>
		</bndbox>
	</object>
</annotation>
