<annotation>
	<folder></folder>
	<filename>1c4c4ebe0d7501fc_jpg.rf.7f1310b338380700be98c4937e2a6a73.jpg</filename>
	<path>1c4c4ebe0d7501fc_jpg.rf.7f1310b338380700be98c4937e2a6a73.jpg</path>
	<source>
		<database>roboflow.ai</database>
	</source>
	<size>
		<width>416</width>
		<height>416</height>
		<depth>3</depth>
	</size>
	<segmented>0</segmented>
	<object>
		<name>Traffic-light</name>
		<pose>Unspecified</pose>
		<truncated>0</truncated>
		<difficult>0</difficult>
		<occluded>0</occluded>
		<bndbox>
			<xmin>64</xmin>
			<xmax>108</xmax>
			<ymin>35</ymin>
			<ymax>97</ymax>
		</bndbox>
	</object>
	<object>
		<name>Traffic-light</name>
		<pose>Unspecified</pose>
		<truncated>0</truncated>
		<difficult>0</difficult>
		<occluded>0</occluded>
		<bndbox>
			<xmin>328</xmin>
			<xmax>354</xmax>
			<ymin>180</ymin>
			<ymax>247</ymax>
		</bndbox>
	</object>
	<object>
		<name>Traffic-light</name>
		<pose>Unspecified</pose>
		<truncated>0</truncated>
		<difficult>0</difficult>
		<occluded>0</occluded>
		<bndbox>
			<xmin>336</xmin>
			<xmax>346</xmax>
			<ymin>275</ymin>
			<ymax>299</ymax>
		</bndbox>
	</object>
</annotation>
