<annotation>
	<folder></folder>
	<filename>1c4c4ebe0d7501fc_jpg.rf.4689518570c06c813f46f5b5018e934f.jpg</filename>
	<path>1c4c4ebe0d7501fc_jpg.rf.4689518570c06c813f46f5b5018e934f.jpg</path>
	<source>
		<database>roboflow.ai</database>
	</source>
	<size>
		<width>416</width>
		<height>416</height>
		<depth>3</depth>
	</size>
	<segmented>0</segmented>
	<object>
		<name>Traffic-light</name>
		<pose>Unspecified</pose>
		<truncated>0</truncated>
		<difficult>0</difficult>
		<occluded>0</occluded>
		<bndbox>
			<xmin>118</xmin>
			<xmax>169</xmax>
			<ymin>16</ymin>
			<ymax>82</ymax>
		</bndbox>
	</object>
	<object>
		<name>Traffic-light</name>
		<pose>Unspecified</pose>
		<truncated>0</truncated>
		<difficult>0</difficult>
		<occluded>0</occluded>
		<bndbox>
			<xmin>329</xmin>
			<xmax>363</xmax>
			<ymin>225</ymin>
			<ymax>293</ymax>
		</bndbox>
	</object>
	<object>
		<name>Traffic-light</name>
		<pose>Unspecified</pose>
		<truncated>0</truncated>
		<difficult>0</difficult>
		<occluded>0</occluded>
		<bndbox>
			<xmin>320</xmin>
			<xmax>333</xmax>
			<ymin>318</ymin>
			<ymax>342</ymax>
		</bndbox>
	</object>
</annotation>
