<annotation>
	<folder></folder>
	<filename>1d7c9c5eb3d55bb1_jpg.rf.b2dade4edaa58e320bffbc68f1fad675.jpg</filename>
	<path>1d7c9c5eb3d55bb1_jpg.rf.b2dade4edaa58e320bffbc68f1fad675.jpg</path>
	<source>
		<database>roboflow.ai</database>
	</source>
	<size>
		<width>416</width>
		<height>416</height>
		<depth>3</depth>
	</size>
	<segmented>0</segmented>
	<object>
		<name>Traffic-light</name>
		<pose>Unspecified</pose>
		<truncated>0</truncated>
		<difficult>0</difficult>
		<occluded>0</occluded>
		<bndbox>
			<xmin>117</xmin>
			<xmax>156</xmax>
			<ymin>300</ymin>
			<ymax>357</ymax>
		</bndbox>
	</object>
	<object>
		<name>Traffic-light</name>
		<pose>Unspecified</pose>
		<truncated>0</truncated>
		<difficult>0</difficult>
		<occluded>0</occluded>
		<bndbox>
			<xmin>144</xmin>
			<xmax>254</xmax>
			<ymin>109</ymin>
			<ymax>394</ymax>
		</bndbox>
	</object>
	<object>
		<name>Traffic-light</name>
		<pose>Unspecified</pose>
		<truncated>0</truncated>
		<difficult>0</difficult>
		<occluded>0</occluded>
		<bndbox>
			<xmin>281</xmin>
			<xmax>410</xmax>
			<ymin>122</ymin>
			<ymax>412</ymax>
		</bndbox>
	</object>
</annotation>
