<annotation>
	<folder></folder>
	<filename>1d7c9c5eb3d55bb1_jpg.rf.f82c655a548ade6c14ce8d0791860157.jpg</filename>
	<path>1d7c9c5eb3d55bb1_jpg.rf.f82c655a548ade6c14ce8d0791860157.jpg</path>
	<source>
		<database>roboflow.ai</database>
	</source>
	<size>
		<width>416</width>
		<height>416</height>
		<depth>3</depth>
	</size>
	<segmented>0</segmented>
	<object>
		<name>Traffic-light</name>
		<pose>Unspecified</pose>
		<truncated>0</truncated>
		<difficult>0</difficult>
		<occluded>0</occluded>
		<bndbox>
			<xmin>123</xmin>
			<xmax>157</xmax>
			<ymin>313</ymin>
			<ymax>368</ymax>
		</bndbox>
	</object>
	<object>
		<name>Traffic-light</name>
		<pose>Unspecified</pose>
		<truncated>0</truncated>
		<difficult>0</difficult>
		<occluded>0</occluded>
		<bndbox>
			<xmin>152</xmin>
			<xmax>234</xmax>
			<ymin>118</ymin>
			<ymax>398</ymax>
		</bndbox>
	</object>
	<object>
		<name>Traffic-light</name>
		<pose>Unspecified</pose>
		<truncated>0</truncated>
		<difficult>0</difficult>
		<occluded>0</occluded>
		<bndbox>
			<xmin>291</xmin>
			<xmax>392</xmax>
			<ymin>116</ymin>
			<ymax>399</ymax>
		</bndbox>
	</object>
</annotation>
