<annotation>
	<folder></folder>
	<filename>1d8ed116809394b7_jpg.rf.978f3429886fa8672dbc8fbb51ffa599.jpg</filename>
	<path>1d8ed116809394b7_jpg.rf.978f3429886fa8672dbc8fbb51ffa599.jpg</path>
	<source>
		<database>roboflow.ai</database>
	</source>
	<size>
		<width>416</width>
		<height>416</height>
		<depth>3</depth>
	</size>
	<segmented>0</segmented>
	<object>
		<name>Traffic-light</name>
		<pose>Unspecified</pose>
		<truncated>0</truncated>
		<difficult>0</difficult>
		<occluded>0</occluded>
		<bndbox>
			<xmin>26</xmin>
			<xmax>417</xmax>
			<ymin>11</ymin>
			<ymax>417</ymax>
		</bndbox>
	</object>
</annotation>
