<annotation>
	<folder></folder>
	<filename>1fd4330313f551a1_jpg.rf.010bc5af566093220aec3e1a5b1600d2.jpg</filename>
	<path>1fd4330313f551a1_jpg.rf.010bc5af566093220aec3e1a5b1600d2.jpg</path>
	<source>
		<database>roboflow.ai</database>
	</source>
	<size>
		<width>416</width>
		<height>416</height>
		<depth>3</depth>
	</size>
	<segmented>0</segmented>
	<object>
		<name>Traffic-light</name>
		<pose>Unspecified</pose>
		<truncated>0</truncated>
		<difficult>0</difficult>
		<occluded>0</occluded>
		<bndbox>
			<xmin>115</xmin>
			<xmax>241</xmax>
			<ymin>113</ymin>
			<ymax>315</ymax>
		</bndbox>
	</object>
	<object>
		<name>Traffic-light</name>
		<pose>Unspecified</pose>
		<truncated>0</truncated>
		<difficult>0</difficult>
		<occluded>0</occluded>
		<bndbox>
			<xmin>184</xmin>
			<xmax>306</xmax>
			<ymin>141</ymin>
			<ymax>335</ymax>
		</bndbox>
	</object>
</annotation>
