<annotation>
	<folder></folder>
	<filename>1fd4330313f551a1_jpg.rf.b3b3f9b97fb9dfab93c025dde75f4c7f.jpg</filename>
	<path>1fd4330313f551a1_jpg.rf.b3b3f9b97fb9dfab93c025dde75f4c7f.jpg</path>
	<source>
		<database>roboflow.ai</database>
	</source>
	<size>
		<width>416</width>
		<height>416</height>
		<depth>3</depth>
	</size>
	<segmented>0</segmented>
	<object>
		<name>Traffic-light</name>
		<pose>Unspecified</pose>
		<truncated>0</truncated>
		<difficult>0</difficult>
		<occluded>0</occluded>
		<bndbox>
			<xmin>124</xmin>
			<xmax>234</xmax>
			<ymin>115</ymin>
			<ymax>313</ymax>
		</bndbox>
	</object>
	<object>
		<name>Traffic-light</name>
		<pose>Unspecified</pose>
		<truncated>0</truncated>
		<difficult>0</difficult>
		<occluded>0</occluded>
		<bndbox>
			<xmin>197</xmin>
			<xmax>304</xmax>
			<ymin>135</ymin>
			<ymax>326</ymax>
		</bndbox>
	</object>
</annotation>
