<annotation>
	<folder></folder>
	<filename>202cff148f11b86d_jpg.rf.25c96b8d3d0e572f6baa85dee5ecf774.jpg</filename>
	<path>202cff148f11b86d_jpg.rf.25c96b8d3d0e572f6baa85dee5ecf774.jpg</path>
	<source>
		<database>roboflow.ai</database>
	</source>
	<size>
		<width>416</width>
		<height>416</height>
		<depth>3</depth>
	</size>
	<segmented>0</segmented>
	<object>
		<name>Traffic-light</name>
		<pose>Unspecified</pose>
		<truncated>0</truncated>
		<difficult>0</difficult>
		<occluded>0</occluded>
		<bndbox>
			<xmin>87</xmin>
			<xmax>92</xmax>
			<ymin>250</ymin>
			<ymax>269</ymax>
		</bndbox>
	</object>
</annotation>
