<annotation>
	<folder></folder>
	<filename>202cff148f11b86d_jpg.rf.25f81394281f8e607b116ef37978f8ab.jpg</filename>
	<path>202cff148f11b86d_jpg.rf.25f81394281f8e607b116ef37978f8ab.jpg</path>
	<source>
		<database>roboflow.ai</database>
	</source>
	<size>
		<width>416</width>
		<height>416</height>
		<depth>3</depth>
	</size>
	<segmented>0</segmented>
	<object>
		<name>Traffic-light</name>
		<pose>Unspecified</pose>
		<truncated>0</truncated>
		<difficult>0</difficult>
		<occluded>0</occluded>
		<bndbox>
			<xmin>37</xmin>
			<xmax>43</xmax>
			<ymin>227</ymin>
			<ymax>248</ymax>
		</bndbox>
	</object>
</annotation>
