<annotation>
	<folder></folder>
	<filename>226d6098088463b8_jpg.rf.849a1b22c9ea9c6cd29bb24bc817a77d.jpg</filename>
	<path>226d6098088463b8_jpg.rf.849a1b22c9ea9c6cd29bb24bc817a77d.jpg</path>
	<source>
		<database>roboflow.ai</database>
	</source>
	<size>
		<width>416</width>
		<height>416</height>
		<depth>3</depth>
	</size>
	<segmented>0</segmented>
	<object>
		<name>Traffic-light</name>
		<pose>Unspecified</pose>
		<truncated>0</truncated>
		<difficult>0</difficult>
		<occluded>0</occluded>
		<bndbox>
			<xmin>59</xmin>
			<xmax>71</xmax>
			<ymin>181</ymin>
			<ymax>191</ymax>
		</bndbox>
	</object>
	<object>
		<name>Traffic-light</name>
		<pose>Unspecified</pose>
		<truncated>0</truncated>
		<difficult>0</difficult>
		<occluded>0</occluded>
		<bndbox>
			<xmin>56</xmin>
			<xmax>71</xmax>
			<ymin>133</ymin>
			<ymax>171</ymax>
		</bndbox>
	</object>
	<object>
		<name>Traffic-light</name>
		<pose>Unspecified</pose>
		<truncated>0</truncated>
		<difficult>0</difficult>
		<occluded>0</occluded>
		<bndbox>
			<xmin>77</xmin>
			<xmax>84</xmax>
			<ymin>138</ymin>
			<ymax>150</ymax>
		</bndbox>
	</object>
</annotation>
