<annotation>
	<folder></folder>
	<filename>22e32bc83f6625d2_jpg.rf.2d0de194aac34b24c30056bcd2a65fb2.jpg</filename>
	<path>22e32bc83f6625d2_jpg.rf.2d0de194aac34b24c30056bcd2a65fb2.jpg</path>
	<source>
		<database>roboflow.ai</database>
	</source>
	<size>
		<width>416</width>
		<height>416</height>
		<depth>3</depth>
	</size>
	<segmented>0</segmented>
	<object>
		<name>Traffic-light</name>
		<pose>Unspecified</pose>
		<truncated>0</truncated>
		<difficult>0</difficult>
		<occluded>0</occluded>
		<bndbox>
			<xmin>244</xmin>
			<xmax>274</xmax>
			<ymin>115</ymin>
			<ymax>183</ymax>
		</bndbox>
	</object>
</annotation>
