<annotation>
	<folder></folder>
	<filename>22e32bc83f6625d2_jpg.rf.d502ec51f6ab8119624475833f4be28e.jpg</filename>
	<path>22e32bc83f6625d2_jpg.rf.d502ec51f6ab8119624475833f4be28e.jpg</path>
	<source>
		<database>roboflow.ai</database>
	</source>
	<size>
		<width>416</width>
		<height>416</height>
		<depth>3</depth>
	</size>
	<segmented>0</segmented>
	<object>
		<name>Traffic-light</name>
		<pose>Unspecified</pose>
		<truncated>0</truncated>
		<difficult>0</difficult>
		<occluded>0</occluded>
		<bndbox>
			<xmin>219</xmin>
			<xmax>255</xmax>
			<ymin>113</ymin>
			<ymax>177</ymax>
		</bndbox>
	</object>
</annotation>
