<annotation>
	<folder></folder>
	<filename>22e8b756508a7ccb_jpg.rf.bf3c2feae19f771b88cbcd7827d8fca5.jpg</filename>
	<path>22e8b756508a7ccb_jpg.rf.bf3c2feae19f771b88cbcd7827d8fca5.jpg</path>
	<source>
		<database>roboflow.ai</database>
	</source>
	<size>
		<width>416</width>
		<height>416</height>
		<depth>3</depth>
	</size>
	<segmented>0</segmented>
	<object>
		<name>Traffic-light</name>
		<pose>Unspecified</pose>
		<truncated>0</truncated>
		<difficult>0</difficult>
		<occluded>0</occluded>
		<bndbox>
			<xmin>351</xmin>
			<xmax>370</xmax>
			<ymin>135</ymin>
			<ymax>168</ymax>
		</bndbox>
	</object>
</annotation>
