<annotation>
	<folder></folder>
	<filename>22e8b756508a7ccb_jpg.rf.b2281fb5e103d088ae275d3f985d5e29.jpg</filename>
	<path>22e8b756508a7ccb_jpg.rf.b2281fb5e103d088ae275d3f985d5e29.jpg</path>
	<source>
		<database>roboflow.ai</database>
	</source>
	<size>
		<width>416</width>
		<height>416</height>
		<depth>3</depth>
	</size>
	<segmented>0</segmented>
	<object>
		<name>Traffic-light</name>
		<pose>Unspecified</pose>
		<truncated>0</truncated>
		<difficult>0</difficult>
		<occluded>0</occluded>
		<bndbox>
			<xmin>354</xmin>
			<xmax>373</xmax>
			<ymin>111</ymin>
			<ymax>142</ymax>
		</bndbox>
	</object>
</annotation>
