<annotation>
	<folder></folder>
	<filename>23f11df3f57e0db5_jpg.rf.4552a6a7d8151be4bb0f7dca9d00aeb5.jpg</filename>
	<path>23f11df3f57e0db5_jpg.rf.4552a6a7d8151be4bb0f7dca9d00aeb5.jpg</path>
	<source>
		<database>roboflow.ai</database>
	</source>
	<size>
		<width>416</width>
		<height>416</height>
		<depth>3</depth>
	</size>
	<segmented>0</segmented>
	<object>
		<name>Traffic-light</name>
		<pose>Unspecified</pose>
		<truncated>0</truncated>
		<difficult>0</difficult>
		<occluded>0</occluded>
		<bndbox>
			<xmin>157</xmin>
			<xmax>177</xmax>
			<ymin>218</ymin>
			<ymax>243</ymax>
		</bndbox>
	</object>
	<object>
		<name>Traffic-light</name>
		<pose>Unspecified</pose>
		<truncated>0</truncated>
		<difficult>0</difficult>
		<occluded>0</occluded>
		<bndbox>
			<xmin>240</xmin>
			<xmax>265</xmax>
			<ymin>130</ymin>
			<ymax>162</ymax>
		</bndbox>
	</object>
</annotation>
