<annotation>
	<folder></folder>
	<filename>23f11df3f57e0db5_jpg.rf.6c0eb6bf4f3a58f92cbbfdc02fb90a45.jpg</filename>
	<path>23f11df3f57e0db5_jpg.rf.6c0eb6bf4f3a58f92cbbfdc02fb90a45.jpg</path>
	<source>
		<database>roboflow.ai</database>
	</source>
	<size>
		<width>416</width>
		<height>416</height>
		<depth>3</depth>
	</size>
	<segmented>0</segmented>
	<object>
		<name>Traffic-light</name>
		<pose>Unspecified</pose>
		<truncated>0</truncated>
		<difficult>0</difficult>
		<occluded>0</occluded>
		<bndbox>
			<xmin>148</xmin>
			<xmax>166</xmax>
			<ymin>203</ymin>
			<ymax>227</ymax>
		</bndbox>
	</object>
	<object>
		<name>Traffic-light</name>
		<pose>Unspecified</pose>
		<truncated>0</truncated>
		<difficult>0</difficult>
		<occluded>0</occluded>
		<bndbox>
			<xmin>253</xmin>
			<xmax>275</xmax>
			<ymin>146</ymin>
			<ymax>177</ymax>
		</bndbox>
	</object>
</annotation>
