<annotation>
	<folder></folder>
	<filename>25c62ed665fbfd17_jpg.rf.59c7d25ffed8710ac84ea6d007320cec.jpg</filename>
	<path>25c62ed665fbfd17_jpg.rf.59c7d25ffed8710ac84ea6d007320cec.jpg</path>
	<source>
		<database>roboflow.ai</database>
	</source>
	<size>
		<width>416</width>
		<height>416</height>
		<depth>3</depth>
	</size>
	<segmented>0</segmented>
	<object>
		<name>Traffic-light</name>
		<pose>Unspecified</pose>
		<truncated>0</truncated>
		<difficult>0</difficult>
		<occluded>0</occluded>
		<bndbox>
			<xmin>1</xmin>
			<xmax>417</xmax>
			<ymin>1</ymin>
			<ymax>417</ymax>
		</bndbox>
	</object>
</annotation>
