<annotation>
	<folder></folder>
	<filename>266c268d0711b8df_jpg.rf.41c787fe5d020b1cf1fa8f11193895d5.jpg</filename>
	<path>266c268d0711b8df_jpg.rf.41c787fe5d020b1cf1fa8f11193895d5.jpg</path>
	<source>
		<database>roboflow.ai</database>
	</source>
	<size>
		<width>416</width>
		<height>416</height>
		<depth>3</depth>
	</size>
	<segmented>0</segmented>
	<object>
		<name>Traffic-light</name>
		<pose>Unspecified</pose>
		<truncated>0</truncated>
		<difficult>0</difficult>
		<occluded>0</occluded>
		<bndbox>
			<xmin>164</xmin>
			<xmax>221</xmax>
			<ymin>118</ymin>
			<ymax>245</ymax>
		</bndbox>
	</object>
</annotation>
