<annotation>
	<folder></folder>
	<filename>266c268d0711b8df_jpg.rf.fedb11484524c8b3814f2f3a17874806.jpg</filename>
	<path>266c268d0711b8df_jpg.rf.fedb11484524c8b3814f2f3a17874806.jpg</path>
	<source>
		<database>roboflow.ai</database>
	</source>
	<size>
		<width>416</width>
		<height>416</height>
		<depth>3</depth>
	</size>
	<segmented>0</segmented>
	<object>
		<name>Traffic-light</name>
		<pose>Unspecified</pose>
		<truncated>0</truncated>
		<difficult>0</difficult>
		<occluded>0</occluded>
		<bndbox>
			<xmin>151</xmin>
			<xmax>209</xmax>
			<ymin>136</ymin>
			<ymax>251</ymax>
		</bndbox>
	</object>
</annotation>
