<annotation>
	<folder></folder>
	<filename>2a1e8c15f392a36c_jpg.rf.3225c963ae3645ee2b08b504de10ae85.jpg</filename>
	<path>2a1e8c15f392a36c_jpg.rf.3225c963ae3645ee2b08b504de10ae85.jpg</path>
	<source>
		<database>roboflow.ai</database>
	</source>
	<size>
		<width>416</width>
		<height>416</height>
		<depth>3</depth>
	</size>
	<segmented>0</segmented>
	<object>
		<name>Traffic-light</name>
		<pose>Unspecified</pose>
		<truncated>0</truncated>
		<difficult>0</difficult>
		<occluded>0</occluded>
		<bndbox>
			<xmin>63</xmin>
			<xmax>101</xmax>
			<ymin>269</ymin>
			<ymax>393</ymax>
		</bndbox>
	</object>
	<object>
		<name>Traffic-light</name>
		<pose>Unspecified</pose>
		<truncated>0</truncated>
		<difficult>0</difficult>
		<occluded>0</occluded>
		<bndbox>
			<xmin>138</xmin>
			<xmax>171</xmax>
			<ymin>256</ymin>
			<ymax>366</ymax>
		</bndbox>
	</object>
	<object>
		<name>Traffic-light</name>
		<pose>Unspecified</pose>
		<truncated>0</truncated>
		<difficult>0</difficult>
		<occluded>0</occluded>
		<bndbox>
			<xmin>246</xmin>
			<xmax>278</xmax>
			<ymin>260</ymin>
			<ymax>373</ymax>
		</bndbox>
	</object>
	<object>
		<name>Traffic-light</name>
		<pose>Unspecified</pose>
		<truncated>0</truncated>
		<difficult>0</difficult>
		<occluded>0</occluded>
		<bndbox>
			<xmin>332</xmin>
			<xmax>374</xmax>
			<ymin>160</ymin>
			<ymax>306</ymax>
		</bndbox>
	</object>
</annotation>
