<annotation>
	<folder></folder>
	<filename>2a2ca53c1df2931f_jpg.rf.769610b42beb08f61602bcbeba587ed2.jpg</filename>
	<path>2a2ca53c1df2931f_jpg.rf.769610b42beb08f61602bcbeba587ed2.jpg</path>
	<source>
		<database>roboflow.ai</database>
	</source>
	<size>
		<width>416</width>
		<height>416</height>
		<depth>3</depth>
	</size>
	<segmented>0</segmented>
	<object>
		<name>Traffic-light</name>
		<pose>Unspecified</pose>
		<truncated>0</truncated>
		<difficult>0</difficult>
		<occluded>0</occluded>
		<bndbox>
			<xmin>327</xmin>
			<xmax>376</xmax>
			<ymin>40</ymin>
			<ymax>88</ymax>
		</bndbox>
	</object>
	<object>
		<name>Traffic-light</name>
		<pose>Unspecified</pose>
		<truncated>0</truncated>
		<difficult>0</difficult>
		<occluded>0</occluded>
		<bndbox>
			<xmin>396</xmin>
			<xmax>417</xmax>
			<ymin>39</ymin>
			<ymax>60</ymax>
		</bndbox>
	</object>
</annotation>
