<annotation>
	<folder></folder>
	<filename>2aa5083ca03c91fe_jpg.rf.fe8be647ad30195479bdc996c24733d3.jpg</filename>
	<path>2aa5083ca03c91fe_jpg.rf.fe8be647ad30195479bdc996c24733d3.jpg</path>
	<source>
		<database>roboflow.ai</database>
	</source>
	<size>
		<width>416</width>
		<height>416</height>
		<depth>3</depth>
	</size>
	<segmented>0</segmented>
	<object>
		<name>Traffic-light</name>
		<pose>Unspecified</pose>
		<truncated>0</truncated>
		<difficult>0</difficult>
		<occluded>0</occluded>
		<bndbox>
			<xmin>271</xmin>
			<xmax>360</xmax>
			<ymin>1</ymin>
			<ymax>165</ymax>
		</bndbox>
	</object>
	<object>
		<name>Traffic-light</name>
		<pose>Unspecified</pose>
		<truncated>0</truncated>
		<difficult>0</difficult>
		<occluded>0</occluded>
		<bndbox>
			<xmin>324</xmin>
			<xmax>353</xmax>
			<ymin>23</ymin>
			<ymax>105</ymax>
		</bndbox>
	</object>
</annotation>
