<annotation>
	<folder></folder>
	<filename>2ac74379b16c6f5a_jpg.rf.fc2fca7faf10cd5cf978f0348e3b0238.jpg</filename>
	<path>2ac74379b16c6f5a_jpg.rf.fc2fca7faf10cd5cf978f0348e3b0238.jpg</path>
	<source>
		<database>roboflow.ai</database>
	</source>
	<size>
		<width>416</width>
		<height>416</height>
		<depth>3</depth>
	</size>
	<segmented>0</segmented>
	<object>
		<name>Traffic-light</name>
		<pose>Unspecified</pose>
		<truncated>0</truncated>
		<difficult>0</difficult>
		<occluded>0</occluded>
		<bndbox>
			<xmin>132</xmin>
			<xmax>151</xmax>
			<ymin>98</ymin>
			<ymax>139</ymax>
		</bndbox>
	</object>
	<object>
		<name>Traffic-light</name>
		<pose>Unspecified</pose>
		<truncated>0</truncated>
		<difficult>0</difficult>
		<occluded>0</occluded>
		<bndbox>
			<xmin>231</xmin>
			<xmax>250</xmax>
			<ymin>33</ymin>
			<ymax>70</ymax>
		</bndbox>
	</object>
	<object>
		<name>Traffic-light</name>
		<pose>Unspecified</pose>
		<truncated>0</truncated>
		<difficult>0</difficult>
		<occluded>0</occluded>
		<bndbox>
			<xmin>240</xmin>
			<xmax>265</xmax>
			<ymin>22</ymin>
			<ymax>72</ymax>
		</bndbox>
	</object>
	<object>
		<name>Traffic-light</name>
		<pose>Unspecified</pose>
		<truncated>0</truncated>
		<difficult>0</difficult>
		<occluded>0</occluded>
		<bndbox>
			<xmin>324</xmin>
			<xmax>352</xmax>
			<ymin>132</ymin>
			<ymax>187</ymax>
		</bndbox>
	</object>
</annotation>
