<annotation>
	<folder></folder>
	<filename>2ac74379b16c6f5a_jpg.rf.70f251992e23168568e23a67b315bac7.jpg</filename>
	<path>2ac74379b16c6f5a_jpg.rf.70f251992e23168568e23a67b315bac7.jpg</path>
	<source>
		<database>roboflow.ai</database>
	</source>
	<size>
		<width>416</width>
		<height>416</height>
		<depth>3</depth>
	</size>
	<segmented>0</segmented>
	<object>
		<name>Traffic-light</name>
		<pose>Unspecified</pose>
		<truncated>0</truncated>
		<difficult>0</difficult>
		<occluded>0</occluded>
		<bndbox>
			<xmin>100</xmin>
			<xmax>116</xmax>
			<ymin>123</ymin>
			<ymax>165</ymax>
		</bndbox>
	</object>
	<object>
		<name>Traffic-light</name>
		<pose>Unspecified</pose>
		<truncated>0</truncated>
		<difficult>0</difficult>
		<occluded>0</occluded>
		<bndbox>
			<xmin>175</xmin>
			<xmax>191</xmax>
			<ymin>26</ymin>
			<ymax>64</ymax>
		</bndbox>
	</object>
	<object>
		<name>Traffic-light</name>
		<pose>Unspecified</pose>
		<truncated>0</truncated>
		<difficult>0</difficult>
		<occluded>0</occluded>
		<bndbox>
			<xmin>183</xmin>
			<xmax>205</xmax>
			<ymin>11</ymin>
			<ymax>62</ymax>
		</bndbox>
	</object>
	<object>
		<name>Traffic-light</name>
		<pose>Unspecified</pose>
		<truncated>0</truncated>
		<difficult>0</difficult>
		<occluded>0</occluded>
		<bndbox>
			<xmin>302</xmin>
			<xmax>327</xmax>
			<ymin>90</ymin>
			<ymax>146</ymax>
		</bndbox>
	</object>
</annotation>
