<annotation>
	<folder></folder>
	<filename>2da70d11e9200e2e_jpg.rf.00f3d7750b891b485b81bfa9b63b7679.jpg</filename>
	<path>2da70d11e9200e2e_jpg.rf.00f3d7750b891b485b81bfa9b63b7679.jpg</path>
	<source>
		<database>roboflow.ai</database>
	</source>
	<size>
		<width>416</width>
		<height>416</height>
		<depth>3</depth>
	</size>
	<segmented>0</segmented>
	<object>
		<name>Traffic-light</name>
		<pose>Unspecified</pose>
		<truncated>0</truncated>
		<difficult>0</difficult>
		<occluded>0</occluded>
		<bndbox>
			<xmin>186</xmin>
			<xmax>221</xmax>
			<ymin>298</ymin>
			<ymax>366</ymax>
		</bndbox>
	</object>
	<object>
		<name>Traffic-light</name>
		<pose>Unspecified</pose>
		<truncated>0</truncated>
		<difficult>0</difficult>
		<occluded>0</occluded>
		<bndbox>
			<xmin>186</xmin>
			<xmax>238</xmax>
			<ymin>184</ymin>
			<ymax>302</ymax>
		</bndbox>
	</object>
	<object>
		<name>Traffic-light</name>
		<pose>Unspecified</pose>
		<truncated>0</truncated>
		<difficult>0</difficult>
		<occluded>0</occluded>
		<bndbox>
			<xmin>234</xmin>
			<xmax>287</xmax>
			<ymin>249</ymin>
			<ymax>345</ymax>
		</bndbox>
	</object>
	<object>
		<name>Traffic-light</name>
		<pose>Unspecified</pose>
		<truncated>0</truncated>
		<difficult>0</difficult>
		<occluded>0</occluded>
		<bndbox>
			<xmin>258</xmin>
			<xmax>324</xmax>
			<ymin>123</ymin>
			<ymax>254</ymax>
		</bndbox>
	</object>
</annotation>
