<annotation>
	<folder></folder>
	<filename>2e0bd72a6c5c1005_jpg.rf.6cdf5e04decb2b4608b6f91a6fff933c.jpg</filename>
	<path>2e0bd72a6c5c1005_jpg.rf.6cdf5e04decb2b4608b6f91a6fff933c.jpg</path>
	<source>
		<database>roboflow.ai</database>
	</source>
	<size>
		<width>416</width>
		<height>416</height>
		<depth>3</depth>
	</size>
	<segmented>0</segmented>
	<object>
		<name>Traffic-light</name>
		<pose>Unspecified</pose>
		<truncated>0</truncated>
		<difficult>0</difficult>
		<occluded>0</occluded>
		<bndbox>
			<xmin>16</xmin>
			<xmax>40</xmax>
			<ymin>359</ymin>
			<ymax>390</ymax>
		</bndbox>
	</object>
	<object>
		<name>Traffic-light</name>
		<pose>Unspecified</pose>
		<truncated>0</truncated>
		<difficult>0</difficult>
		<occluded>0</occluded>
		<bndbox>
			<xmin>213</xmin>
			<xmax>256</xmax>
			<ymin>163</ymin>
			<ymax>263</ymax>
		</bndbox>
	</object>
	<object>
		<name>Traffic-light</name>
		<pose>Unspecified</pose>
		<truncated>0</truncated>
		<difficult>0</difficult>
		<occluded>0</occluded>
		<bndbox>
			<xmin>347</xmin>
			<xmax>417</xmax>
			<ymin>116</ymin>
			<ymax>295</ymax>
		</bndbox>
	</object>
</annotation>
