<annotation>
	<folder></folder>
	<filename>2e0bd72a6c5c1005_jpg.rf.978e174f335fbd341fd4951c6fbacca3.jpg</filename>
	<path>2e0bd72a6c5c1005_jpg.rf.978e174f335fbd341fd4951c6fbacca3.jpg</path>
	<source>
		<database>roboflow.ai</database>
	</source>
	<size>
		<width>416</width>
		<height>416</height>
		<depth>3</depth>
	</size>
	<segmented>0</segmented>
	<object>
		<name>Traffic-light</name>
		<pose>Unspecified</pose>
		<truncated>0</truncated>
		<difficult>0</difficult>
		<occluded>0</occluded>
		<bndbox>
			<xmin>185</xmin>
			<xmax>224</xmax>
			<ymin>183</ymin>
			<ymax>288</ymax>
		</bndbox>
	</object>
	<object>
		<name>Traffic-light</name>
		<pose>Unspecified</pose>
		<truncated>0</truncated>
		<difficult>0</difficult>
		<occluded>0</occluded>
		<bndbox>
			<xmin>320</xmin>
			<xmax>417</xmax>
			<ymin>88</ymin>
			<ymax>277</ymax>
		</bndbox>
	</object>
</annotation>
