<annotation>
	<folder></folder>
	<filename>31ce39d11359d06a_jpg.rf.f03096a6c903f1ca79bae4768ba51abb.jpg</filename>
	<path>31ce39d11359d06a_jpg.rf.f03096a6c903f1ca79bae4768ba51abb.jpg</path>
	<source>
		<database>roboflow.ai</database>
	</source>
	<size>
		<width>416</width>
		<height>416</height>
		<depth>3</depth>
	</size>
	<segmented>0</segmented>
	<object>
		<name>Traffic-light</name>
		<pose>Unspecified</pose>
		<truncated>0</truncated>
		<difficult>0</difficult>
		<occluded>0</occluded>
		<bndbox>
			<xmin>140</xmin>
			<xmax>168</xmax>
			<ymin>257</ymin>
			<ymax>313</ymax>
		</bndbox>
	</object>
	<object>
		<name>Traffic-light</name>
		<pose>Unspecified</pose>
		<truncated>0</truncated>
		<difficult>0</difficult>
		<occluded>0</occluded>
		<bndbox>
			<xmin>249</xmin>
			<xmax>266</xmax>
			<ymin>318</ymin>
			<ymax>353</ymax>
		</bndbox>
	</object>
	<object>
		<name>Traffic-light</name>
		<pose>Unspecified</pose>
		<truncated>0</truncated>
		<difficult>0</difficult>
		<occluded>0</occluded>
		<bndbox>
			<xmin>269</xmin>
			<xmax>285</xmax>
			<ymin>326</ymin>
			<ymax>358</ymax>
		</bndbox>
	</object>
</annotation>
