<annotation>
	<folder></folder>
	<filename>324e332686aa6966_jpg.rf.63c4f7e3f725c3aafb11ecdf4937e1f5.jpg</filename>
	<path>324e332686aa6966_jpg.rf.63c4f7e3f725c3aafb11ecdf4937e1f5.jpg</path>
	<source>
		<database>roboflow.ai</database>
	</source>
	<size>
		<width>416</width>
		<height>416</height>
		<depth>3</depth>
	</size>
	<segmented>0</segmented>
	<object>
		<name>Traffic-light</name>
		<pose>Unspecified</pose>
		<truncated>0</truncated>
		<difficult>0</difficult>
		<occluded>0</occluded>
		<bndbox>
			<xmin>21</xmin>
			<xmax>51</xmax>
			<ymin>1</ymin>
			<ymax>32</ymax>
		</bndbox>
	</object>
	<object>
		<name>Traffic-light</name>
		<pose>Unspecified</pose>
		<truncated>0</truncated>
		<difficult>0</difficult>
		<occluded>0</occluded>
		<bndbox>
			<xmin>154</xmin>
			<xmax>171</xmax>
			<ymin>1</ymin>
			<ymax>28</ymax>
		</bndbox>
	</object>
</annotation>
