<annotation>
	<folder></folder>
	<filename>324e332686aa6966_jpg.rf.150414e2781f7cf60961419984ae758a.jpg</filename>
	<path>324e332686aa6966_jpg.rf.150414e2781f7cf60961419984ae758a.jpg</path>
	<source>
		<database>roboflow.ai</database>
	</source>
	<size>
		<width>416</width>
		<height>416</height>
		<depth>3</depth>
	</size>
	<segmented>0</segmented>
	<object>
		<name>Traffic-light</name>
		<pose>Unspecified</pose>
		<truncated>0</truncated>
		<difficult>0</difficult>
		<occluded>0</occluded>
		<bndbox>
			<xmin>1</xmin>
			<xmax>11</xmax>
			<ymin>11</ymin>
			<ymax>62</ymax>
		</bndbox>
	</object>
	<object>
		<name>Traffic-light</name>
		<pose>Unspecified</pose>
		<truncated>0</truncated>
		<difficult>0</difficult>
		<occluded>0</occluded>
		<bndbox>
			<xmin>118</xmin>
			<xmax>133</xmax>
			<ymin>5</ymin>
			<ymax>38</ymax>
		</bndbox>
	</object>
</annotation>
