<annotation>
	<folder></folder>
	<filename>36957f3924c55445_jpg.rf.4cb022db259be0b66e8f85d542ff35b3.jpg</filename>
	<path>36957f3924c55445_jpg.rf.4cb022db259be0b66e8f85d542ff35b3.jpg</path>
	<source>
		<database>roboflow.ai</database>
	</source>
	<size>
		<width>416</width>
		<height>416</height>
		<depth>3</depth>
	</size>
	<segmented>0</segmented>
	<object>
		<name>Traffic-light</name>
		<pose>Unspecified</pose>
		<truncated>0</truncated>
		<difficult>0</difficult>
		<occluded>0</occluded>
		<bndbox>
			<xmin>32</xmin>
			<xmax>318</xmax>
			<ymin>21</ymin>
			<ymax>404</ymax>
		</bndbox>
	</object>
</annotation>
