<annotation>
	<folder></folder>
	<filename>36957f3924c55445_jpg.rf.df0d9b2f4576377ac40c21dacb6d696d.jpg</filename>
	<path>36957f3924c55445_jpg.rf.df0d9b2f4576377ac40c21dacb6d696d.jpg</path>
	<source>
		<database>roboflow.ai</database>
	</source>
	<size>
		<width>416</width>
		<height>416</height>
		<depth>3</depth>
	</size>
	<segmented>0</segmented>
	<object>
		<name>Traffic-light</name>
		<pose>Unspecified</pose>
		<truncated>0</truncated>
		<difficult>0</difficult>
		<occluded>0</occluded>
		<bndbox>
			<xmin>47</xmin>
			<xmax>315</xmax>
			<ymin>15</ymin>
			<ymax>388</ymax>
		</bndbox>
	</object>
</annotation>
