<annotation>
	<folder></folder>
	<filename>36a4df95023addec_jpg.rf.29eb8ef5bf77577451c94beaa1233c63.jpg</filename>
	<path>36a4df95023addec_jpg.rf.29eb8ef5bf77577451c94beaa1233c63.jpg</path>
	<source>
		<database>roboflow.ai</database>
	</source>
	<size>
		<width>416</width>
		<height>416</height>
		<depth>3</depth>
	</size>
	<segmented>0</segmented>
	<object>
		<name>Traffic-light</name>
		<pose>Unspecified</pose>
		<truncated>0</truncated>
		<difficult>0</difficult>
		<occluded>0</occluded>
		<bndbox>
			<xmin>20</xmin>
			<xmax>58</xmax>
			<ymin>36</ymin>
			<ymax>111</ymax>
		</bndbox>
	</object>
	<object>
		<name>Traffic-light</name>
		<pose>Unspecified</pose>
		<truncated>0</truncated>
		<difficult>0</difficult>
		<occluded>0</occluded>
		<bndbox>
			<xmin>78</xmin>
			<xmax>106</xmax>
			<ymin>57</ymin>
			<ymax>122</ymax>
		</bndbox>
	</object>
</annotation>
