<annotation>
	<folder></folder>
	<filename>36a4df95023addec_jpg.rf.f9f6c7f503471b67c9078e91e039ec6f.jpg</filename>
	<path>36a4df95023addec_jpg.rf.f9f6c7f503471b67c9078e91e039ec6f.jpg</path>
	<source>
		<database>roboflow.ai</database>
	</source>
	<size>
		<width>416</width>
		<height>416</height>
		<depth>3</depth>
	</size>
	<segmented>0</segmented>
	<object>
		<name>Traffic-light</name>
		<pose>Unspecified</pose>
		<truncated>0</truncated>
		<difficult>0</difficult>
		<occluded>0</occluded>
		<bndbox>
			<xmin>1</xmin>
			<xmax>19</xmax>
			<ymin>137</ymin>
			<ymax>213</ymax>
		</bndbox>
	</object>
	<object>
		<name>Traffic-light</name>
		<pose>Unspecified</pose>
		<truncated>0</truncated>
		<difficult>0</difficult>
		<occluded>0</occluded>
		<bndbox>
			<xmin>45</xmin>
			<xmax>71</xmax>
			<ymin>138</ymin>
			<ymax>204</ymax>
		</bndbox>
	</object>
</annotation>
