<annotation>
	<folder></folder>
	<filename>39537e0c46ad6e69_jpg.rf.775658c96f3573aa765fcdee14d0e34e.jpg</filename>
	<path>39537e0c46ad6e69_jpg.rf.775658c96f3573aa765fcdee14d0e34e.jpg</path>
	<source>
		<database>roboflow.ai</database>
	</source>
	<size>
		<width>416</width>
		<height>416</height>
		<depth>3</depth>
	</size>
	<segmented>0</segmented>
	<object>
		<name>Traffic-light</name>
		<pose>Unspecified</pose>
		<truncated>0</truncated>
		<difficult>0</difficult>
		<occluded>0</occluded>
		<bndbox>
			<xmin>87</xmin>
			<xmax>102</xmax>
			<ymin>318</ymin>
			<ymax>342</ymax>
		</bndbox>
	</object>
	<object>
		<name>Traffic-light</name>
		<pose>Unspecified</pose>
		<truncated>0</truncated>
		<difficult>0</difficult>
		<occluded>0</occluded>
		<bndbox>
			<xmin>140</xmin>
			<xmax>150</xmax>
			<ymin>321</ymin>
			<ymax>342</ymax>
		</bndbox>
	</object>
	<object>
		<name>Traffic-light</name>
		<pose>Unspecified</pose>
		<truncated>0</truncated>
		<difficult>0</difficult>
		<occluded>0</occluded>
		<bndbox>
			<xmin>392</xmin>
			<xmax>408</xmax>
			<ymin>245</ymin>
			<ymax>296</ymax>
		</bndbox>
	</object>
</annotation>
