<annotation>
	<folder></folder>
	<filename>39537e0c46ad6e69_jpg.rf.3ef51b17c4459d2ebda32275d808d823.jpg</filename>
	<path>39537e0c46ad6e69_jpg.rf.3ef51b17c4459d2ebda32275d808d823.jpg</path>
	<source>
		<database>roboflow.ai</database>
	</source>
	<size>
		<width>416</width>
		<height>416</height>
		<depth>3</depth>
	</size>
	<segmented>0</segmented>
	<object>
		<name>Traffic-light</name>
		<pose>Unspecified</pose>
		<truncated>0</truncated>
		<difficult>0</difficult>
		<occluded>0</occluded>
		<bndbox>
			<xmin>40</xmin>
			<xmax>57</xmax>
			<ymin>285</ymin>
			<ymax>312</ymax>
		</bndbox>
	</object>
	<object>
		<name>Traffic-light</name>
		<pose>Unspecified</pose>
		<truncated>0</truncated>
		<difficult>0</difficult>
		<occluded>0</occluded>
		<bndbox>
			<xmin>97</xmin>
			<xmax>109</xmax>
			<ymin>298</ymin>
			<ymax>321</ymax>
		</bndbox>
	</object>
	<object>
		<name>Traffic-light</name>
		<pose>Unspecified</pose>
		<truncated>0</truncated>
		<difficult>0</difficult>
		<occluded>0</occluded>
		<bndbox>
			<xmin>382</xmin>
			<xmax>402</xmax>
			<ymin>264</ymin>
			<ymax>321</ymax>
		</bndbox>
	</object>
</annotation>
