<annotation>
	<folder></folder>
	<filename>3971e68628edd912_jpg.rf.66d57374229cb326d9c726584b9c1e63.jpg</filename>
	<path>3971e68628edd912_jpg.rf.66d57374229cb326d9c726584b9c1e63.jpg</path>
	<source>
		<database>roboflow.ai</database>
	</source>
	<size>
		<width>416</width>
		<height>416</height>
		<depth>3</depth>
	</size>
	<segmented>0</segmented>
	<object>
		<name>Traffic-light</name>
		<pose>Unspecified</pose>
		<truncated>0</truncated>
		<difficult>0</difficult>
		<occluded>0</occluded>
		<bndbox>
			<xmin>279</xmin>
			<xmax>297</xmax>
			<ymin>96</ymin>
			<ymax>153</ymax>
		</bndbox>
	</object>
	<object>
		<name>Traffic-light</name>
		<pose>Unspecified</pose>
		<truncated>0</truncated>
		<difficult>0</difficult>
		<occluded>0</occluded>
		<bndbox>
			<xmin>342</xmin>
			<xmax>361</xmax>
			<ymin>114</ymin>
			<ymax>168</ymax>
		</bndbox>
	</object>
</annotation>
