<annotation>
	<folder></folder>
	<filename>3971e68628edd912_jpg.rf.398d915a662c0080bee178dc59ee2573.jpg</filename>
	<path>3971e68628edd912_jpg.rf.398d915a662c0080bee178dc59ee2573.jpg</path>
	<source>
		<database>roboflow.ai</database>
	</source>
	<size>
		<width>416</width>
		<height>416</height>
		<depth>3</depth>
	</size>
	<segmented>0</segmented>
	<object>
		<name>Traffic-light</name>
		<pose>Unspecified</pose>
		<truncated>0</truncated>
		<difficult>0</difficult>
		<occluded>0</occluded>
		<bndbox>
			<xmin>286</xmin>
			<xmax>308</xmax>
			<ymin>81</ymin>
			<ymax>138</ymax>
		</bndbox>
	</object>
	<object>
		<name>Traffic-light</name>
		<pose>Unspecified</pose>
		<truncated>0</truncated>
		<difficult>0</difficult>
		<occluded>0</occluded>
		<bndbox>
			<xmin>348</xmin>
			<xmax>370</xmax>
			<ymin>104</ymin>
			<ymax>158</ymax>
		</bndbox>
	</object>
</annotation>
