<annotation>
	<folder></folder>
	<filename>3a889a3e9ab2c77e_jpg.rf.1b47db3dcd3dde0b869a4ffcc50a301e.jpg</filename>
	<path>3a889a3e9ab2c77e_jpg.rf.1b47db3dcd3dde0b869a4ffcc50a301e.jpg</path>
	<source>
		<database>roboflow.ai</database>
	</source>
	<size>
		<width>416</width>
		<height>416</height>
		<depth>3</depth>
	</size>
	<segmented>0</segmented>
	<object>
		<name>Traffic-light</name>
		<pose>Unspecified</pose>
		<truncated>0</truncated>
		<difficult>0</difficult>
		<occluded>0</occluded>
		<bndbox>
			<xmin>167</xmin>
			<xmax>253</xmax>
			<ymin>69</ymin>
			<ymax>237</ymax>
		</bndbox>
	</object>
</annotation>
