<annotation>
	<folder></folder>
	<filename>3a889a3e9ab2c77e_jpg.rf.5f583012b9711194989a39102200fac7.jpg</filename>
	<path>3a889a3e9ab2c77e_jpg.rf.5f583012b9711194989a39102200fac7.jpg</path>
	<source>
		<database>roboflow.ai</database>
	</source>
	<size>
		<width>416</width>
		<height>416</height>
		<depth>3</depth>
	</size>
	<segmented>0</segmented>
	<object>
		<name>Traffic-light</name>
		<pose>Unspecified</pose>
		<truncated>0</truncated>
		<difficult>0</difficult>
		<occluded>0</occluded>
		<bndbox>
			<xmin>165</xmin>
			<xmax>245</xmax>
			<ymin>47</ymin>
			<ymax>226</ymax>
		</bndbox>
	</object>
</annotation>
