<annotation>
	<folder></folder>
	<filename>3b481ce0892d81e1_jpg.rf.e8aeb09a6bf65b6d6ee0c9c069e87a23.jpg</filename>
	<path>3b481ce0892d81e1_jpg.rf.e8aeb09a6bf65b6d6ee0c9c069e87a23.jpg</path>
	<source>
		<database>roboflow.ai</database>
	</source>
	<size>
		<width>416</width>
		<height>416</height>
		<depth>3</depth>
	</size>
	<segmented>0</segmented>
	<object>
		<name>Traffic-light</name>
		<pose>Unspecified</pose>
		<truncated>0</truncated>
		<difficult>0</difficult>
		<occluded>0</occluded>
		<bndbox>
			<xmin>120</xmin>
			<xmax>157</xmax>
			<ymin>5</ymin>
			<ymax>91</ymax>
		</bndbox>
	</object>
	<object>
		<name>Traffic-light</name>
		<pose>Unspecified</pose>
		<truncated>0</truncated>
		<difficult>0</difficult>
		<occluded>0</occluded>
		<bndbox>
			<xmin>186</xmin>
			<xmax>225</xmax>
			<ymin>48</ymin>
			<ymax>128</ymax>
		</bndbox>
	</object>
</annotation>
