<annotation>
	<folder></folder>
	<filename>3b481ce0892d81e1_jpg.rf.a6fcb35ea4aa603dbb88519200fd93d9.jpg</filename>
	<path>3b481ce0892d81e1_jpg.rf.a6fcb35ea4aa603dbb88519200fd93d9.jpg</path>
	<source>
		<database>roboflow.ai</database>
	</source>
	<size>
		<width>416</width>
		<height>416</height>
		<depth>3</depth>
	</size>
	<segmented>0</segmented>
	<object>
		<name>Traffic-light</name>
		<pose>Unspecified</pose>
		<truncated>0</truncated>
		<difficult>0</difficult>
		<occluded>0</occluded>
		<bndbox>
			<xmin>58</xmin>
			<xmax>96</xmax>
			<ymin>24</ymin>
			<ymax>116</ymax>
		</bndbox>
	</object>
	<object>
		<name>Traffic-light</name>
		<pose>Unspecified</pose>
		<truncated>0</truncated>
		<difficult>0</difficult>
		<occluded>0</occluded>
		<bndbox>
			<xmin>136</xmin>
			<xmax>176</xmax>
			<ymin>50</ymin>
			<ymax>136</ymax>
		</bndbox>
	</object>
</annotation>
