<annotation>
	<folder></folder>
	<filename>3b9a9f90db3fc627_jpg.rf.ab5fe52b15c20384aace7ce72227755a.jpg</filename>
	<path>3b9a9f90db3fc627_jpg.rf.ab5fe52b15c20384aace7ce72227755a.jpg</path>
	<source>
		<database>roboflow.ai</database>
	</source>
	<size>
		<width>416</width>
		<height>416</height>
		<depth>3</depth>
	</size>
	<segmented>0</segmented>
	<object>
		<name>Traffic-light</name>
		<pose>Unspecified</pose>
		<truncated>0</truncated>
		<difficult>0</difficult>
		<occluded>0</occluded>
		<bndbox>
			<xmin>100</xmin>
			<xmax>276</xmax>
			<ymin>91</ymin>
			<ymax>313</ymax>
		</bndbox>
	</object>
</annotation>
