<annotation>
	<folder></folder>
	<filename>3b9a9f90db3fc627_jpg.rf.9a1ed46ea5ee63bfcacfb5bdf103c8da.jpg</filename>
	<path>3b9a9f90db3fc627_jpg.rf.9a1ed46ea5ee63bfcacfb5bdf103c8da.jpg</path>
	<source>
		<database>roboflow.ai</database>
	</source>
	<size>
		<width>416</width>
		<height>416</height>
		<depth>3</depth>
	</size>
	<segmented>0</segmented>
	<object>
		<name>Traffic-light</name>
		<pose>Unspecified</pose>
		<truncated>0</truncated>
		<difficult>0</difficult>
		<occluded>0</occluded>
		<bndbox>
			<xmin>128</xmin>
			<xmax>261</xmax>
			<ymin>122</ymin>
			<ymax>310</ymax>
		</bndbox>
	</object>
</annotation>
