<annotation>
	<folder></folder>
	<filename>3bc250dcf07fc386_jpg.rf.a1e4f302208189e6fc186a55d1591ae1.jpg</filename>
	<path>3bc250dcf07fc386_jpg.rf.a1e4f302208189e6fc186a55d1591ae1.jpg</path>
	<source>
		<database>roboflow.ai</database>
	</source>
	<size>
		<width>416</width>
		<height>416</height>
		<depth>3</depth>
	</size>
	<segmented>0</segmented>
	<object>
		<name>Traffic-light</name>
		<pose>Unspecified</pose>
		<truncated>0</truncated>
		<difficult>0</difficult>
		<occluded>0</occluded>
		<bndbox>
			<xmin>234</xmin>
			<xmax>274</xmax>
			<ymin>11</ymin>
			<ymax>65</ymax>
		</bndbox>
	</object>
	<object>
		<name>Traffic-light</name>
		<pose>Unspecified</pose>
		<truncated>0</truncated>
		<difficult>0</difficult>
		<occluded>0</occluded>
		<bndbox>
			<xmin>294</xmin>
			<xmax>316</xmax>
			<ymin>11</ymin>
			<ymax>66</ymax>
		</bndbox>
	</object>
</annotation>
