<annotation>
	<folder></folder>
	<filename>3bc250dcf07fc386_jpg.rf.7da1e54375767d8601ee550cacfa6878.jpg</filename>
	<path>3bc250dcf07fc386_jpg.rf.7da1e54375767d8601ee550cacfa6878.jpg</path>
	<source>
		<database>roboflow.ai</database>
	</source>
	<size>
		<width>416</width>
		<height>416</height>
		<depth>3</depth>
	</size>
	<segmented>0</segmented>
	<object>
		<name>Traffic-light</name>
		<pose>Unspecified</pose>
		<truncated>0</truncated>
		<difficult>0</difficult>
		<occluded>0</occluded>
		<bndbox>
			<xmin>244</xmin>
			<xmax>287</xmax>
			<ymin>31</ymin>
			<ymax>85</ymax>
		</bndbox>
	</object>
	<object>
		<name>Traffic-light</name>
		<pose>Unspecified</pose>
		<truncated>0</truncated>
		<difficult>0</difficult>
		<occluded>0</occluded>
		<bndbox>
			<xmin>301</xmin>
			<xmax>327</xmax>
			<ymin>37</ymin>
			<ymax>91</ymax>
		</bndbox>
	</object>
</annotation>
