<annotation>
	<folder></folder>
	<filename>3be9cfa9df252e9c_jpg.rf.34743a78643acc11f099f02fa6720177.jpg</filename>
	<path>3be9cfa9df252e9c_jpg.rf.34743a78643acc11f099f02fa6720177.jpg</path>
	<source>
		<database>roboflow.ai</database>
	</source>
	<size>
		<width>416</width>
		<height>416</height>
		<depth>3</depth>
	</size>
	<segmented>0</segmented>
	<object>
		<name>Traffic-light</name>
		<pose>Unspecified</pose>
		<truncated>0</truncated>
		<difficult>0</difficult>
		<occluded>0</occluded>
		<bndbox>
			<xmin>1</xmin>
			<xmax>29</xmax>
			<ymin>212</ymin>
			<ymax>298</ymax>
		</bndbox>
	</object>
	<object>
		<name>Traffic-light</name>
		<pose>Unspecified</pose>
		<truncated>0</truncated>
		<difficult>0</difficult>
		<occluded>0</occluded>
		<bndbox>
			<xmin>79</xmin>
			<xmax>96</xmax>
			<ymin>302</ymin>
			<ymax>342</ymax>
		</bndbox>
	</object>
	<object>
		<name>Traffic-light</name>
		<pose>Unspecified</pose>
		<truncated>0</truncated>
		<difficult>0</difficult>
		<occluded>0</occluded>
		<bndbox>
			<xmin>92</xmin>
			<xmax>126</xmax>
			<ymin>226</ymin>
			<ymax>308</ymax>
		</bndbox>
	</object>
	<object>
		<name>Traffic-light</name>
		<pose>Unspecified</pose>
		<truncated>0</truncated>
		<difficult>0</difficult>
		<occluded>0</occluded>
		<bndbox>
			<xmin>101</xmin>
			<xmax>117</xmax>
			<ymin>305</ymin>
			<ymax>344</ymax>
		</bndbox>
	</object>
</annotation>
