<annotation>
	<folder></folder>
	<filename>3e14e5779081f40a_jpg.rf.539c8a059b1230d5daadf42b70374992.jpg</filename>
	<path>3e14e5779081f40a_jpg.rf.539c8a059b1230d5daadf42b70374992.jpg</path>
	<source>
		<database>roboflow.ai</database>
	</source>
	<size>
		<width>416</width>
		<height>416</height>
		<depth>3</depth>
	</size>
	<segmented>0</segmented>
	<object>
		<name>Traffic-light</name>
		<pose>Unspecified</pose>
		<truncated>0</truncated>
		<difficult>0</difficult>
		<occluded>0</occluded>
		<bndbox>
			<xmin>107</xmin>
			<xmax>134</xmax>
			<ymin>119</ymin>
			<ymax>173</ymax>
		</bndbox>
	</object>
	<object>
		<name>Traffic-light</name>
		<pose>Unspecified</pose>
		<truncated>0</truncated>
		<difficult>0</difficult>
		<occluded>0</occluded>
		<bndbox>
			<xmin>308</xmin>
			<xmax>326</xmax>
			<ymin>284</ymin>
			<ymax>313</ymax>
		</bndbox>
	</object>
</annotation>
