<annotation>
	<folder></folder>
	<filename>407e85d6c0aab42b_jpg.rf.b5e3e1b48af50152e98a308bf5597afd.jpg</filename>
	<path>407e85d6c0aab42b_jpg.rf.b5e3e1b48af50152e98a308bf5597afd.jpg</path>
	<source>
		<database>roboflow.ai</database>
	</source>
	<size>
		<width>416</width>
		<height>416</height>
		<depth>3</depth>
	</size>
	<segmented>0</segmented>
	<object>
		<name>Traffic-light</name>
		<pose>Unspecified</pose>
		<truncated>0</truncated>
		<difficult>0</difficult>
		<occluded>0</occluded>
		<bndbox>
			<xmin>21</xmin>
			<xmax>117</xmax>
			<ymin>59</ymin>
			<ymax>205</ymax>
		</bndbox>
	</object>
	<object>
		<name>Traffic-light</name>
		<pose>Unspecified</pose>
		<truncated>0</truncated>
		<difficult>0</difficult>
		<occluded>0</occluded>
		<bndbox>
			<xmin>228</xmin>
			<xmax>326</xmax>
			<ymin>225</ymin>
			<ymax>365</ymax>
		</bndbox>
	</object>
	<object>
		<name>Traffic-light</name>
		<pose>Unspecified</pose>
		<truncated>0</truncated>
		<difficult>0</difficult>
		<occluded>0</occluded>
		<bndbox>
			<xmin>207</xmin>
			<xmax>288</xmax>
			<ymin>33</ymin>
			<ymax>186</ymax>
		</bndbox>
	</object>
	<object>
		<name>Traffic-light</name>
		<pose>Unspecified</pose>
		<truncated>0</truncated>
		<difficult>0</difficult>
		<occluded>0</occluded>
		<bndbox>
			<xmin>327</xmin>
			<xmax>417</xmax>
			<ymin>185</ymin>
			<ymax>346</ymax>
		</bndbox>
	</object>
</annotation>
