<annotation>
	<folder></folder>
	<filename>407e85d6c0aab42b_jpg.rf.8cf4be0376c5f969ae4d17e26e2670ee.jpg</filename>
	<path>407e85d6c0aab42b_jpg.rf.8cf4be0376c5f969ae4d17e26e2670ee.jpg</path>
	<source>
		<database>roboflow.ai</database>
	</source>
	<size>
		<width>416</width>
		<height>416</height>
		<depth>3</depth>
	</size>
	<segmented>0</segmented>
	<object>
		<name>Traffic-light</name>
		<pose>Unspecified</pose>
		<truncated>0</truncated>
		<difficult>0</difficult>
		<occluded>0</occluded>
		<bndbox>
			<xmin>61</xmin>
			<xmax>147</xmax>
			<ymin>35</ymin>
			<ymax>168</ymax>
		</bndbox>
	</object>
	<object>
		<name>Traffic-light</name>
		<pose>Unspecified</pose>
		<truncated>0</truncated>
		<difficult>0</difficult>
		<occluded>0</occluded>
		<bndbox>
			<xmin>178</xmin>
			<xmax>266</xmax>
			<ymin>249</ymin>
			<ymax>377</ymax>
		</bndbox>
	</object>
	<object>
		<name>Traffic-light</name>
		<pose>Unspecified</pose>
		<truncated>0</truncated>
		<difficult>0</difficult>
		<occluded>0</occluded>
		<bndbox>
			<xmin>227</xmin>
			<xmax>300</xmax>
			<ymin>75</ymin>
			<ymax>215</ymax>
		</bndbox>
	</object>
	<object>
		<name>Traffic-light</name>
		<pose>Unspecified</pose>
		<truncated>0</truncated>
		<difficult>0</difficult>
		<occluded>0</occluded>
		<bndbox>
			<xmin>273</xmin>
			<xmax>361</xmax>
			<ymin>250</ymin>
			<ymax>398</ymax>
		</bndbox>
	</object>
</annotation>
