<annotation>
	<folder></folder>
	<filename>42c131da965d3087_jpg.rf.67182e5dc4e958e215283bb71dd2628c.jpg</filename>
	<path>42c131da965d3087_jpg.rf.67182e5dc4e958e215283bb71dd2628c.jpg</path>
	<source>
		<database>roboflow.ai</database>
	</source>
	<size>
		<width>416</width>
		<height>416</height>
		<depth>3</depth>
	</size>
	<segmented>0</segmented>
	<object>
		<name>Traffic-light</name>
		<pose>Unspecified</pose>
		<truncated>0</truncated>
		<difficult>0</difficult>
		<occluded>0</occluded>
		<bndbox>
			<xmin>77</xmin>
			<xmax>85</xmax>
			<ymin>211</ymin>
			<ymax>238</ymax>
		</bndbox>
	</object>
	<object>
		<name>Traffic-light</name>
		<pose>Unspecified</pose>
		<truncated>0</truncated>
		<difficult>0</difficult>
		<occluded>0</occluded>
		<bndbox>
			<xmin>189</xmin>
			<xmax>205</xmax>
			<ymin>72</ymin>
			<ymax>122</ymax>
		</bndbox>
	</object>
	<object>
		<name>Traffic-light</name>
		<pose>Unspecified</pose>
		<truncated>0</truncated>
		<difficult>0</difficult>
		<occluded>0</occluded>
		<bndbox>
			<xmin>208</xmin>
			<xmax>224</xmax>
			<ymin>74</ymin>
			<ymax>123</ymax>
		</bndbox>
	</object>
</annotation>
