<annotation>
	<folder></folder>
	<filename>43afffdfedaeff99_jpg.rf.789868e60bee799f523078bcd9ddf355.jpg</filename>
	<path>43afffdfedaeff99_jpg.rf.789868e60bee799f523078bcd9ddf355.jpg</path>
	<source>
		<database>roboflow.ai</database>
	</source>
	<size>
		<width>416</width>
		<height>416</height>
		<depth>3</depth>
	</size>
	<segmented>0</segmented>
	<object>
		<name>Traffic-light</name>
		<pose>Unspecified</pose>
		<truncated>0</truncated>
		<difficult>0</difficult>
		<occluded>0</occluded>
		<bndbox>
			<xmin>33</xmin>
			<xmax>37</xmax>
			<ymin>117</ymin>
			<ymax>131</ymax>
		</bndbox>
	</object>
</annotation>
