<annotation>
	<folder></folder>
	<filename>43afffdfedaeff99_jpg.rf.cde26386816985858d1fefdbb5e6d89d.jpg</filename>
	<path>43afffdfedaeff99_jpg.rf.cde26386816985858d1fefdbb5e6d89d.jpg</path>
	<source>
		<database>roboflow.ai</database>
	</source>
	<size>
		<width>416</width>
		<height>416</height>
		<depth>3</depth>
	</size>
	<segmented>0</segmented>
	<object>
		<name>Traffic-light</name>
		<pose>Unspecified</pose>
		<truncated>0</truncated>
		<difficult>0</difficult>
		<occluded>0</occluded>
		<bndbox>
			<xmin>31</xmin>
			<xmax>36</xmax>
			<ymin>125</ymin>
			<ymax>138</ymax>
		</bndbox>
	</object>
</annotation>
