<annotation>
	<folder></folder>
	<filename>44450f6414344dc6_jpg.rf.6929b237e21bd97a1b3a33bdc2893375.jpg</filename>
	<path>44450f6414344dc6_jpg.rf.6929b237e21bd97a1b3a33bdc2893375.jpg</path>
	<source>
		<database>roboflow.ai</database>
	</source>
	<size>
		<width>416</width>
		<height>416</height>
		<depth>3</depth>
	</size>
	<segmented>0</segmented>
	<object>
		<name>Traffic-light</name>
		<pose>Unspecified</pose>
		<truncated>0</truncated>
		<difficult>0</difficult>
		<occluded>0</occluded>
		<bndbox>
			<xmin>44</xmin>
			<xmax>77</xmax>
			<ymin>261</ymin>
			<ymax>277</ymax>
		</bndbox>
	</object>
	<object>
		<name>Traffic-light</name>
		<pose>Unspecified</pose>
		<truncated>0</truncated>
		<difficult>0</difficult>
		<occluded>0</occluded>
		<bndbox>
			<xmin>92</xmin>
			<xmax>107</xmax>
			<ymin>258</ymin>
			<ymax>318</ymax>
		</bndbox>
	</object>
	<object>
		<name>Traffic-light</name>
		<pose>Unspecified</pose>
		<truncated>0</truncated>
		<difficult>0</difficult>
		<occluded>0</occluded>
		<bndbox>
			<xmin>164</xmin>
			<xmax>177</xmax>
			<ymin>273</ymin>
			<ymax>325</ymax>
		</bndbox>
	</object>
	<object>
		<name>Traffic-light</name>
		<pose>Unspecified</pose>
		<truncated>0</truncated>
		<difficult>0</difficult>
		<occluded>0</occluded>
		<bndbox>
			<xmin>279</xmin>
			<xmax>293</xmax>
			<ymin>278</ymin>
			<ymax>331</ymax>
		</bndbox>
	</object>
</annotation>
