<annotation>
	<folder></folder>
	<filename>46e11c866bf8f8b5_jpg.rf.12106882e9d0997331627c8bcae99826.jpg</filename>
	<path>46e11c866bf8f8b5_jpg.rf.12106882e9d0997331627c8bcae99826.jpg</path>
	<source>
		<database>roboflow.ai</database>
	</source>
	<size>
		<width>416</width>
		<height>416</height>
		<depth>3</depth>
	</size>
	<segmented>0</segmented>
	<object>
		<name>Traffic-light</name>
		<pose>Unspecified</pose>
		<truncated>0</truncated>
		<difficult>0</difficult>
		<occluded>0</occluded>
		<bndbox>
			<xmin>295</xmin>
			<xmax>332</xmax>
			<ymin>77</ymin>
			<ymax>179</ymax>
		</bndbox>
	</object>
	<object>
		<name>Traffic-light</name>
		<pose>Unspecified</pose>
		<truncated>0</truncated>
		<difficult>0</difficult>
		<occluded>0</occluded>
		<bndbox>
			<xmin>336</xmin>
			<xmax>353</xmax>
			<ymin>143</ymin>
			<ymax>174</ymax>
		</bndbox>
	</object>
</annotation>
