<annotation>
	<folder></folder>
	<filename>46e11c866bf8f8b5_jpg.rf.4258e431f7c1d72fe65b4c2704bb1e33.jpg</filename>
	<path>46e11c866bf8f8b5_jpg.rf.4258e431f7c1d72fe65b4c2704bb1e33.jpg</path>
	<source>
		<database>roboflow.ai</database>
	</source>
	<size>
		<width>416</width>
		<height>416</height>
		<depth>3</depth>
	</size>
	<segmented>0</segmented>
	<object>
		<name>Traffic-light</name>
		<pose>Unspecified</pose>
		<truncated>0</truncated>
		<difficult>0</difficult>
		<occluded>0</occluded>
		<bndbox>
			<xmin>294</xmin>
			<xmax>332</xmax>
			<ymin>107</ymin>
			<ymax>204</ymax>
		</bndbox>
	</object>
	<object>
		<name>Traffic-light</name>
		<pose>Unspecified</pose>
		<truncated>0</truncated>
		<difficult>0</difficult>
		<occluded>0</occluded>
		<bndbox>
			<xmin>326</xmin>
			<xmax>342</xmax>
			<ymin>175</ymin>
			<ymax>204</ymax>
		</bndbox>
	</object>
</annotation>
