<annotation>
	<folder></folder>
	<filename>477357d91a4082d6_jpg.rf.12d3416e6d34a746d20816e1f0e8ee23.jpg</filename>
	<path>477357d91a4082d6_jpg.rf.12d3416e6d34a746d20816e1f0e8ee23.jpg</path>
	<source>
		<database>roboflow.ai</database>
	</source>
	<size>
		<width>416</width>
		<height>416</height>
		<depth>3</depth>
	</size>
	<segmented>0</segmented>
	<object>
		<name>Traffic-light</name>
		<pose>Unspecified</pose>
		<truncated>0</truncated>
		<difficult>0</difficult>
		<occluded>0</occluded>
		<bndbox>
			<xmin>101</xmin>
			<xmax>131</xmax>
			<ymin>57</ymin>
			<ymax>151</ymax>
		</bndbox>
	</object>
	<object>
		<name>Traffic-light</name>
		<pose>Unspecified</pose>
		<truncated>0</truncated>
		<difficult>0</difficult>
		<occluded>0</occluded>
		<bndbox>
			<xmin>186</xmin>
			<xmax>195</xmax>
			<ymin>223</ymin>
			<ymax>243</ymax>
		</bndbox>
	</object>
	<object>
		<name>Traffic-light</name>
		<pose>Unspecified</pose>
		<truncated>0</truncated>
		<difficult>0</difficult>
		<occluded>0</occluded>
		<bndbox>
			<xmin>228</xmin>
			<xmax>256</xmax>
			<ymin>114</ymin>
			<ymax>178</ymax>
		</bndbox>
	</object>
</annotation>
