<annotation>
	<folder></folder>
	<filename>482c2d57b474c05c_jpg.rf.90e5ff22fb4b8ff5c947de866d97225b.jpg</filename>
	<path>482c2d57b474c05c_jpg.rf.90e5ff22fb4b8ff5c947de866d97225b.jpg</path>
	<source>
		<database>roboflow.ai</database>
	</source>
	<size>
		<width>416</width>
		<height>416</height>
		<depth>3</depth>
	</size>
	<segmented>0</segmented>
	<object>
		<name>Traffic-light</name>
		<pose>Unspecified</pose>
		<truncated>0</truncated>
		<difficult>0</difficult>
		<occluded>0</occluded>
		<bndbox>
			<xmin>16</xmin>
			<xmax>39</xmax>
			<ymin>155</ymin>
			<ymax>184</ymax>
		</bndbox>
	</object>
	<object>
		<name>Traffic-light</name>
		<pose>Unspecified</pose>
		<truncated>0</truncated>
		<difficult>0</difficult>
		<occluded>0</occluded>
		<bndbox>
			<xmin>346</xmin>
			<xmax>365</xmax>
			<ymin>233</ymin>
			<ymax>258</ymax>
		</bndbox>
	</object>
</annotation>
