<annotation>
	<folder></folder>
	<filename>482c2d57b474c05c_jpg.rf.f70491116c4d7c85a322b5c8248a5909.jpg</filename>
	<path>482c2d57b474c05c_jpg.rf.f70491116c4d7c85a322b5c8248a5909.jpg</path>
	<source>
		<database>roboflow.ai</database>
	</source>
	<size>
		<width>416</width>
		<height>416</height>
		<depth>3</depth>
	</size>
	<segmented>0</segmented>
	<object>
		<name>Traffic-light</name>
		<pose>Unspecified</pose>
		<truncated>0</truncated>
		<difficult>0</difficult>
		<occluded>0</occluded>
		<bndbox>
			<xmin>14</xmin>
			<xmax>37</xmax>
			<ymin>163</ymin>
			<ymax>193</ymax>
		</bndbox>
	</object>
	<object>
		<name>Traffic-light</name>
		<pose>Unspecified</pose>
		<truncated>0</truncated>
		<difficult>0</difficult>
		<occluded>0</occluded>
		<bndbox>
			<xmin>368</xmin>
			<xmax>386</xmax>
			<ymin>221</ymin>
			<ymax>246</ymax>
		</bndbox>
	</object>
</annotation>
