<annotation>
	<folder></folder>
	<filename>4c6bba348e56a517_jpg.rf.d00b50aeafd6348af4d2521bdf715823.jpg</filename>
	<path>4c6bba348e56a517_jpg.rf.d00b50aeafd6348af4d2521bdf715823.jpg</path>
	<source>
		<database>roboflow.ai</database>
	</source>
	<size>
		<width>416</width>
		<height>416</height>
		<depth>3</depth>
	</size>
	<segmented>0</segmented>
	<object>
		<name>Traffic-light</name>
		<pose>Unspecified</pose>
		<truncated>0</truncated>
		<difficult>0</difficult>
		<occluded>0</occluded>
		<bndbox>
			<xmin>52</xmin>
			<xmax>71</xmax>
			<ymin>280</ymin>
			<ymax>313</ymax>
		</bndbox>
	</object>
	<object>
		<name>Traffic-light</name>
		<pose>Unspecified</pose>
		<truncated>0</truncated>
		<difficult>0</difficult>
		<occluded>0</occluded>
		<bndbox>
			<xmin>190</xmin>
			<xmax>246</xmax>
			<ymin>119</ymin>
			<ymax>203</ymax>
		</bndbox>
	</object>
	<object>
		<name>Traffic-light</name>
		<pose>Unspecified</pose>
		<truncated>0</truncated>
		<difficult>0</difficult>
		<occluded>0</occluded>
		<bndbox>
			<xmin>176</xmin>
			<xmax>192</xmax>
			<ymin>373</ymin>
			<ymax>400</ymax>
		</bndbox>
	</object>
	<object>
		<name>Traffic-light</name>
		<pose>Unspecified</pose>
		<truncated>0</truncated>
		<difficult>0</difficult>
		<occluded>0</occluded>
		<bndbox>
			<xmin>290</xmin>
			<xmax>314</xmax>
			<ymin>334</ymin>
			<ymax>365</ymax>
		</bndbox>
	</object>
</annotation>
