<annotation>
	<folder></folder>
	<filename>4d370fd73a8dbf27_jpg.rf.025a8c1c8fff6837588a0c7c0fcfdf5a.jpg</filename>
	<path>4d370fd73a8dbf27_jpg.rf.025a8c1c8fff6837588a0c7c0fcfdf5a.jpg</path>
	<source>
		<database>roboflow.ai</database>
	</source>
	<size>
		<width>416</width>
		<height>416</height>
		<depth>3</depth>
	</size>
	<segmented>0</segmented>
	<object>
		<name>Traffic-light</name>
		<pose>Unspecified</pose>
		<truncated>0</truncated>
		<difficult>0</difficult>
		<occluded>0</occluded>
		<bndbox>
			<xmin>234</xmin>
			<xmax>247</xmax>
			<ymin>186</ymin>
			<ymax>217</ymax>
		</bndbox>
	</object>
	<object>
		<name>Traffic-light</name>
		<pose>Unspecified</pose>
		<truncated>0</truncated>
		<difficult>0</difficult>
		<occluded>0</occluded>
		<bndbox>
			<xmin>280</xmin>
			<xmax>293</xmax>
			<ymin>185</ymin>
			<ymax>216</ymax>
		</bndbox>
	</object>
	<object>
		<name>Traffic-light</name>
		<pose>Unspecified</pose>
		<truncated>0</truncated>
		<difficult>0</difficult>
		<occluded>0</occluded>
		<bndbox>
			<xmin>340</xmin>
			<xmax>353</xmax>
			<ymin>203</ymin>
			<ymax>239</ymax>
		</bndbox>
	</object>
	<object>
		<name>Traffic-light</name>
		<pose>Unspecified</pose>
		<truncated>0</truncated>
		<difficult>0</difficult>
		<occluded>0</occluded>
		<bndbox>
			<xmin>354</xmin>
			<xmax>363</xmax>
			<ymin>283</ymin>
			<ymax>293</ymax>
		</bndbox>
	</object>
</annotation>
