<annotation>
	<folder></folder>
	<filename>4daaab9f01df05f9_jpg.rf.0848e4ab5e4c4878b6496815d263e1d4.jpg</filename>
	<path>4daaab9f01df05f9_jpg.rf.0848e4ab5e4c4878b6496815d263e1d4.jpg</path>
	<source>
		<database>roboflow.ai</database>
	</source>
	<size>
		<width>416</width>
		<height>416</height>
		<depth>3</depth>
	</size>
	<segmented>0</segmented>
	<object>
		<name>Traffic-light</name>
		<pose>Unspecified</pose>
		<truncated>0</truncated>
		<difficult>0</difficult>
		<occluded>0</occluded>
		<bndbox>
			<xmin>19</xmin>
			<xmax>43</xmax>
			<ymin>180</ymin>
			<ymax>229</ymax>
		</bndbox>
	</object>
	<object>
		<name>Traffic-light</name>
		<pose>Unspecified</pose>
		<truncated>0</truncated>
		<difficult>0</difficult>
		<occluded>0</occluded>
		<bndbox>
			<xmin>17</xmin>
			<xmax>40</xmax>
			<ymin>228</ymin>
			<ymax>262</ymax>
		</bndbox>
	</object>
	<object>
		<name>Traffic-light</name>
		<pose>Unspecified</pose>
		<truncated>0</truncated>
		<difficult>0</difficult>
		<occluded>0</occluded>
		<bndbox>
			<xmin>41</xmin>
			<xmax>68</xmax>
			<ymin>178</ymin>
			<ymax>231</ymax>
		</bndbox>
	</object>
</annotation>
