<annotation>
	<folder></folder>
	<filename>4feb34bb9984a665_jpg.rf.ccaf3c9fed567b7821afd19951da9d0d.jpg</filename>
	<path>4feb34bb9984a665_jpg.rf.ccaf3c9fed567b7821afd19951da9d0d.jpg</path>
	<source>
		<database>roboflow.ai</database>
	</source>
	<size>
		<width>416</width>
		<height>416</height>
		<depth>3</depth>
	</size>
	<segmented>0</segmented>
	<object>
		<name>Traffic-light</name>
		<pose>Unspecified</pose>
		<truncated>0</truncated>
		<difficult>0</difficult>
		<occluded>0</occluded>
		<bndbox>
			<xmin>192</xmin>
			<xmax>238</xmax>
			<ymin>17</ymin>
			<ymax>42</ymax>
		</bndbox>
	</object>
	<object>
		<name>Traffic-light</name>
		<pose>Unspecified</pose>
		<truncated>0</truncated>
		<difficult>0</difficult>
		<occluded>0</occluded>
		<bndbox>
			<xmin>338</xmin>
			<xmax>384</xmax>
			<ymin>36</ymin>
			<ymax>63</ymax>
		</bndbox>
	</object>
</annotation>
