<annotation>
	<folder></folder>
	<filename>51b1dc1e98ac9640_jpg.rf.b2fa307cd5206934a59e59e6c27a228b.jpg</filename>
	<path>51b1dc1e98ac9640_jpg.rf.b2fa307cd5206934a59e59e6c27a228b.jpg</path>
	<source>
		<database>roboflow.ai</database>
	</source>
	<size>
		<width>416</width>
		<height>416</height>
		<depth>3</depth>
	</size>
	<segmented>0</segmented>
	<object>
		<name>Traffic-light</name>
		<pose>Unspecified</pose>
		<truncated>0</truncated>
		<difficult>0</difficult>
		<occluded>0</occluded>
		<bndbox>
			<xmin>175</xmin>
			<xmax>236</xmax>
			<ymin>1</ymin>
			<ymax>72</ymax>
		</bndbox>
	</object>
	<object>
		<name>Traffic-light</name>
		<pose>Unspecified</pose>
		<truncated>0</truncated>
		<difficult>0</difficult>
		<occluded>0</occluded>
		<bndbox>
			<xmin>377</xmin>
			<xmax>408</xmax>
			<ymin>26</ymin>
			<ymax>64</ymax>
		</bndbox>
	</object>
</annotation>
