<annotation>
	<folder></folder>
	<filename>51e6e2a20e8468b8_jpg.rf.aef38110a6abd1dbf7ad85b7f09a9ed0.jpg</filename>
	<path>51e6e2a20e8468b8_jpg.rf.aef38110a6abd1dbf7ad85b7f09a9ed0.jpg</path>
	<source>
		<database>roboflow.ai</database>
	</source>
	<size>
		<width>416</width>
		<height>416</height>
		<depth>3</depth>
	</size>
	<segmented>0</segmented>
	<object>
		<name>Traffic-light</name>
		<pose>Unspecified</pose>
		<truncated>0</truncated>
		<difficult>0</difficult>
		<occluded>0</occluded>
		<bndbox>
			<xmin>213</xmin>
			<xmax>276</xmax>
			<ymin>121</ymin>
			<ymax>188</ymax>
		</bndbox>
	</object>
</annotation>
