<annotation>
	<folder></folder>
	<filename>51e6e2a20e8468b8_jpg.rf.bf5db48b65f42f25ea9c3877af2ad627.jpg</filename>
	<path>51e6e2a20e8468b8_jpg.rf.bf5db48b65f42f25ea9c3877af2ad627.jpg</path>
	<source>
		<database>roboflow.ai</database>
	</source>
	<size>
		<width>416</width>
		<height>416</height>
		<depth>3</depth>
	</size>
	<segmented>0</segmented>
	<object>
		<name>Traffic-light</name>
		<pose>Unspecified</pose>
		<truncated>0</truncated>
		<difficult>0</difficult>
		<occluded>0</occluded>
		<bndbox>
			<xmin>210</xmin>
			<xmax>267</xmax>
			<ymin>121</ymin>
			<ymax>181</ymax>
		</bndbox>
	</object>
</annotation>
