<annotation>
	<folder></folder>
	<filename>548d09903a93fd24_jpg.rf.33c3d36df3f81bf967e82e9f1d6ae878.jpg</filename>
	<path>548d09903a93fd24_jpg.rf.33c3d36df3f81bf967e82e9f1d6ae878.jpg</path>
	<source>
		<database>roboflow.ai</database>
	</source>
	<size>
		<width>416</width>
		<height>416</height>
		<depth>3</depth>
	</size>
	<segmented>0</segmented>
	<object>
		<name>Traffic-light</name>
		<pose>Unspecified</pose>
		<truncated>0</truncated>
		<difficult>0</difficult>
		<occluded>0</occluded>
		<bndbox>
			<xmin>58</xmin>
			<xmax>163</xmax>
			<ymin>51</ymin>
			<ymax>253</ymax>
		</bndbox>
	</object>
</annotation>
