<annotation>
	<folder></folder>
	<filename>548d09903a93fd24_jpg.rf.8aabd8d9c6e5bed791c0beb4beaf096f.jpg</filename>
	<path>548d09903a93fd24_jpg.rf.8aabd8d9c6e5bed791c0beb4beaf096f.jpg</path>
	<source>
		<database>roboflow.ai</database>
	</source>
	<size>
		<width>416</width>
		<height>416</height>
		<depth>3</depth>
	</size>
	<segmented>0</segmented>
	<object>
		<name>Traffic-light</name>
		<pose>Unspecified</pose>
		<truncated>0</truncated>
		<difficult>0</difficult>
		<occluded>0</occluded>
		<bndbox>
			<xmin>30</xmin>
			<xmax>125</xmax>
			<ymin>45</ymin>
			<ymax>243</ymax>
		</bndbox>
	</object>
</annotation>
