<annotation>
	<folder></folder>
	<filename>553c3750e8e55806_jpg.rf.4b72fe9507f9ba65355a6103e42d91a8.jpg</filename>
	<path>553c3750e8e55806_jpg.rf.4b72fe9507f9ba65355a6103e42d91a8.jpg</path>
	<source>
		<database>roboflow.ai</database>
	</source>
	<size>
		<width>416</width>
		<height>416</height>
		<depth>3</depth>
	</size>
	<segmented>0</segmented>
	<object>
		<name>Traffic-light</name>
		<pose>Unspecified</pose>
		<truncated>0</truncated>
		<difficult>0</difficult>
		<occluded>0</occluded>
		<bndbox>
			<xmin>230</xmin>
			<xmax>251</xmax>
			<ymin>34</ymin>
			<ymax>105</ymax>
		</bndbox>
	</object>
</annotation>
