<annotation>
	<folder></folder>
	<filename>553c3750e8e55806_jpg.rf.cf2089e95c631bc94a0f830141f5d3b5.jpg</filename>
	<path>553c3750e8e55806_jpg.rf.cf2089e95c631bc94a0f830141f5d3b5.jpg</path>
	<source>
		<database>roboflow.ai</database>
	</source>
	<size>
		<width>416</width>
		<height>416</height>
		<depth>3</depth>
	</size>
	<segmented>0</segmented>
	<object>
		<name>Traffic-light</name>
		<pose>Unspecified</pose>
		<truncated>0</truncated>
		<difficult>0</difficult>
		<occluded>0</occluded>
		<bndbox>
			<xmin>237</xmin>
			<xmax>256</xmax>
			<ymin>12</ymin>
			<ymax>93</ymax>
		</bndbox>
	</object>
</annotation>
