<annotation>
	<folder></folder>
	<filename>55d2ef59b77d873a_jpg.rf.c127917793956ac8c7235364c4dcabf0.jpg</filename>
	<path>55d2ef59b77d873a_jpg.rf.c127917793956ac8c7235364c4dcabf0.jpg</path>
	<source>
		<database>roboflow.ai</database>
	</source>
	<size>
		<width>416</width>
		<height>416</height>
		<depth>3</depth>
	</size>
	<segmented>0</segmented>
	<object>
		<name>Traffic-light</name>
		<pose>Unspecified</pose>
		<truncated>0</truncated>
		<difficult>0</difficult>
		<occluded>0</occluded>
		<bndbox>
			<xmin>88</xmin>
			<xmax>99</xmax>
			<ymin>157</ymin>
			<ymax>182</ymax>
		</bndbox>
	</object>
	<object>
		<name>Traffic-light</name>
		<pose>Unspecified</pose>
		<truncated>0</truncated>
		<difficult>0</difficult>
		<occluded>0</occluded>
		<bndbox>
			<xmin>151</xmin>
			<xmax>180</xmax>
			<ymin>1</ymin>
			<ymax>63</ymax>
		</bndbox>
	</object>
	<object>
		<name>Traffic-light</name>
		<pose>Unspecified</pose>
		<truncated>0</truncated>
		<difficult>0</difficult>
		<occluded>0</occluded>
		<bndbox>
			<xmin>273</xmin>
			<xmax>310</xmax>
			<ymin>119</ymin>
			<ymax>198</ymax>
		</bndbox>
	</object>
</annotation>
