<annotation>
	<folder></folder>
	<filename>55d2ef59b77d873a_jpg.rf.c0b9e5d8d4599de3caeda62df1c14cf2.jpg</filename>
	<path>55d2ef59b77d873a_jpg.rf.c0b9e5d8d4599de3caeda62df1c14cf2.jpg</path>
	<source>
		<database>roboflow.ai</database>
	</source>
	<size>
		<width>416</width>
		<height>416</height>
		<depth>3</depth>
	</size>
	<segmented>0</segmented>
	<object>
		<name>Traffic-light</name>
		<pose>Unspecified</pose>
		<truncated>0</truncated>
		<difficult>0</difficult>
		<occluded>0</occluded>
		<bndbox>
			<xmin>92</xmin>
			<xmax>101</xmax>
			<ymin>184</ymin>
			<ymax>209</ymax>
		</bndbox>
	</object>
	<object>
		<name>Traffic-light</name>
		<pose>Unspecified</pose>
		<truncated>0</truncated>
		<difficult>0</difficult>
		<occluded>0</occluded>
		<bndbox>
			<xmin>142</xmin>
			<xmax>166</xmax>
			<ymin>16</ymin>
			<ymax>80</ymax>
		</bndbox>
	</object>
	<object>
		<name>Traffic-light</name>
		<pose>Unspecified</pose>
		<truncated>0</truncated>
		<difficult>0</difficult>
		<occluded>0</occluded>
		<bndbox>
			<xmin>279</xmin>
			<xmax>309</xmax>
			<ymin>125</ymin>
			<ymax>203</ymax>
		</bndbox>
	</object>
</annotation>
