<annotation>
	<folder></folder>
	<filename>563e38b9004b178d_jpg.rf.4294e7ad2a15c5c0a902d4b2f1b401da.jpg</filename>
	<path>563e38b9004b178d_jpg.rf.4294e7ad2a15c5c0a902d4b2f1b401da.jpg</path>
	<source>
		<database>roboflow.ai</database>
	</source>
	<size>
		<width>416</width>
		<height>416</height>
		<depth>3</depth>
	</size>
	<segmented>0</segmented>
	<object>
		<name>Traffic-light</name>
		<pose>Unspecified</pose>
		<truncated>0</truncated>
		<difficult>0</difficult>
		<occluded>0</occluded>
		<bndbox>
			<xmin>139</xmin>
			<xmax>143</xmax>
			<ymin>184</ymin>
			<ymax>195</ymax>
		</bndbox>
	</object>
</annotation>
