<annotation>
	<folder></folder>
	<filename>563e38b9004b178d_jpg.rf.968faa3d060fcd969ed79e3645830cda.jpg</filename>
	<path>563e38b9004b178d_jpg.rf.968faa3d060fcd969ed79e3645830cda.jpg</path>
	<source>
		<database>roboflow.ai</database>
	</source>
	<size>
		<width>416</width>
		<height>416</height>
		<depth>3</depth>
	</size>
	<segmented>0</segmented>
	<object>
		<name>Traffic-light</name>
		<pose>Unspecified</pose>
		<truncated>0</truncated>
		<difficult>0</difficult>
		<occluded>0</occluded>
		<bndbox>
			<xmin>149</xmin>
			<xmax>153</xmax>
			<ymin>190</ymin>
			<ymax>203</ymax>
		</bndbox>
	</object>
</annotation>
