<annotation>
	<folder></folder>
	<filename>588799e574462a76_jpg.rf.4ec9235e6d9d38e7a9feb7d12605cb0a.jpg</filename>
	<path>588799e574462a76_jpg.rf.4ec9235e6d9d38e7a9feb7d12605cb0a.jpg</path>
	<source>
		<database>roboflow.ai</database>
	</source>
	<size>
		<width>416</width>
		<height>416</height>
		<depth>3</depth>
	</size>
	<segmented>0</segmented>
	<object>
		<name>Traffic-light</name>
		<pose>Unspecified</pose>
		<truncated>0</truncated>
		<difficult>0</difficult>
		<occluded>0</occluded>
		<bndbox>
			<xmin>302</xmin>
			<xmax>320</xmax>
			<ymin>257</ymin>
			<ymax>283</ymax>
		</bndbox>
	</object>
</annotation>
