<annotation>
	<folder></folder>
	<filename>588799e574462a76_jpg.rf.69cf621cd84136247c013e1fa2358875.jpg</filename>
	<path>588799e574462a76_jpg.rf.69cf621cd84136247c013e1fa2358875.jpg</path>
	<source>
		<database>roboflow.ai</database>
	</source>
	<size>
		<width>416</width>
		<height>416</height>
		<depth>3</depth>
	</size>
	<segmented>0</segmented>
	<object>
		<name>Traffic-light</name>
		<pose>Unspecified</pose>
		<truncated>0</truncated>
		<difficult>0</difficult>
		<occluded>0</occluded>
		<bndbox>
			<xmin>289</xmin>
			<xmax>305</xmax>
			<ymin>248</ymin>
			<ymax>271</ymax>
		</bndbox>
	</object>
</annotation>
