<annotation>
	<folder></folder>
	<filename>589528340839bac2_jpg.rf.1017cba302dad0cab31936e036881c46.jpg</filename>
	<path>589528340839bac2_jpg.rf.1017cba302dad0cab31936e036881c46.jpg</path>
	<source>
		<database>roboflow.ai</database>
	</source>
	<size>
		<width>416</width>
		<height>416</height>
		<depth>3</depth>
	</size>
	<segmented>0</segmented>
	<object>
		<name>Traffic-light</name>
		<pose>Unspecified</pose>
		<truncated>0</truncated>
		<difficult>0</difficult>
		<occluded>0</occluded>
		<bndbox>
			<xmin>176</xmin>
			<xmax>188</xmax>
			<ymin>160</ymin>
			<ymax>186</ymax>
		</bndbox>
	</object>
</annotation>
