<annotation>
	<folder></folder>
	<filename>589528340839bac2_jpg.rf.21f17791b73cc39fff49e0b994d77f43.jpg</filename>
	<path>589528340839bac2_jpg.rf.21f17791b73cc39fff49e0b994d77f43.jpg</path>
	<source>
		<database>roboflow.ai</database>
	</source>
	<size>
		<width>416</width>
		<height>416</height>
		<depth>3</depth>
	</size>
	<segmented>0</segmented>
	<object>
		<name>Traffic-light</name>
		<pose>Unspecified</pose>
		<truncated>0</truncated>
		<difficult>0</difficult>
		<occluded>0</occluded>
		<bndbox>
			<xmin>151</xmin>
			<xmax>163</xmax>
			<ymin>176</ymin>
			<ymax>199</ymax>
		</bndbox>
	</object>
</annotation>
