<annotation>
	<folder></folder>
	<filename>59360a05d8f80210_jpg.rf.9ca4ff0f181e659905bfd5e908861410.jpg</filename>
	<path>59360a05d8f80210_jpg.rf.9ca4ff0f181e659905bfd5e908861410.jpg</path>
	<source>
		<database>roboflow.ai</database>
	</source>
	<size>
		<width>416</width>
		<height>416</height>
		<depth>3</depth>
	</size>
	<segmented>0</segmented>
	<object>
		<name>Traffic-light</name>
		<pose>Unspecified</pose>
		<truncated>0</truncated>
		<difficult>0</difficult>
		<occluded>0</occluded>
		<bndbox>
			<xmin>30</xmin>
			<xmax>51</xmax>
			<ymin>298</ymin>
			<ymax>342</ymax>
		</bndbox>
	</object>
	<object>
		<name>Traffic-light</name>
		<pose>Unspecified</pose>
		<truncated>0</truncated>
		<difficult>0</difficult>
		<occluded>0</occluded>
		<bndbox>
			<xmin>50</xmin>
			<xmax>67</xmax>
			<ymin>362</ymin>
			<ymax>389</ymax>
		</bndbox>
	</object>
	<object>
		<name>Traffic-light</name>
		<pose>Unspecified</pose>
		<truncated>0</truncated>
		<difficult>0</difficult>
		<occluded>0</occluded>
		<bndbox>
			<xmin>127</xmin>
			<xmax>174</xmax>
			<ymin>194</ymin>
			<ymax>287</ymax>
		</bndbox>
	</object>
</annotation>
