<annotation>
	<folder></folder>
	<filename>59360a05d8f80210_jpg.rf.909143994957e4f07d2240104ed1ce6f.jpg</filename>
	<path>59360a05d8f80210_jpg.rf.909143994957e4f07d2240104ed1ce6f.jpg</path>
	<source>
		<database>roboflow.ai</database>
	</source>
	<size>
		<width>416</width>
		<height>416</height>
		<depth>3</depth>
	</size>
	<segmented>0</segmented>
	<object>
		<name>Traffic-light</name>
		<pose>Unspecified</pose>
		<truncated>0</truncated>
		<difficult>0</difficult>
		<occluded>0</occluded>
		<bndbox>
			<xmin>93</xmin>
			<xmax>130</xmax>
			<ymin>196</ymin>
			<ymax>286</ymax>
		</bndbox>
	</object>
</annotation>
