<annotation>
	<folder></folder>
	<filename>5a381e6bbce9835c_jpg.rf.5c6aa513bf9bb4058b77c3e61c390e9f.jpg</filename>
	<path>5a381e6bbce9835c_jpg.rf.5c6aa513bf9bb4058b77c3e61c390e9f.jpg</path>
	<source>
		<database>roboflow.ai</database>
	</source>
	<size>
		<width>416</width>
		<height>416</height>
		<depth>3</depth>
	</size>
	<segmented>0</segmented>
	<object>
		<name>Traffic-light</name>
		<pose>Unspecified</pose>
		<truncated>0</truncated>
		<difficult>0</difficult>
		<occluded>0</occluded>
		<bndbox>
			<xmin>120</xmin>
			<xmax>134</xmax>
			<ymin>25</ymin>
			<ymax>85</ymax>
		</bndbox>
	</object>
	<object>
		<name>Traffic-light</name>
		<pose>Unspecified</pose>
		<truncated>0</truncated>
		<difficult>0</difficult>
		<occluded>0</occluded>
		<bndbox>
			<xmin>183</xmin>
			<xmax>198</xmax>
			<ymin>25</ymin>
			<ymax>79</ymax>
		</bndbox>
	</object>
	<object>
		<name>Traffic-light</name>
		<pose>Unspecified</pose>
		<truncated>0</truncated>
		<difficult>0</difficult>
		<occluded>0</occluded>
		<bndbox>
			<xmin>250</xmin>
			<xmax>262</xmax>
			<ymin>25</ymin>
			<ymax>81</ymax>
		</bndbox>
	</object>
	<object>
		<name>Traffic-light</name>
		<pose>Unspecified</pose>
		<truncated>0</truncated>
		<difficult>0</difficult>
		<occluded>0</occluded>
		<bndbox>
			<xmin>353</xmin>
			<xmax>361</xmax>
			<ymin>183</ymin>
			<ymax>212</ymax>
		</bndbox>
	</object>
</annotation>
