<annotation>
	<folder></folder>
	<filename>5b82b7b7d8495f82_jpg.rf.3f770d94ecc980320107c2331d3dfde2.jpg</filename>
	<path>5b82b7b7d8495f82_jpg.rf.3f770d94ecc980320107c2331d3dfde2.jpg</path>
	<source>
		<database>roboflow.ai</database>
	</source>
	<size>
		<width>416</width>
		<height>416</height>
		<depth>3</depth>
	</size>
	<segmented>0</segmented>
	<object>
		<name>Traffic-light</name>
		<pose>Unspecified</pose>
		<truncated>0</truncated>
		<difficult>0</difficult>
		<occluded>0</occluded>
		<bndbox>
			<xmin>19</xmin>
			<xmax>72</xmax>
			<ymin>34</ymin>
			<ymax>92</ymax>
		</bndbox>
	</object>
</annotation>
