<annotation>
	<folder></folder>
	<filename>5b874f832b1854d8_jpg.rf.2aa50f8eea087dc234b226a68df41446.jpg</filename>
	<path>5b874f832b1854d8_jpg.rf.2aa50f8eea087dc234b226a68df41446.jpg</path>
	<source>
		<database>roboflow.ai</database>
	</source>
	<size>
		<width>416</width>
		<height>416</height>
		<depth>3</depth>
	</size>
	<segmented>0</segmented>
	<object>
		<name>Traffic-light</name>
		<pose>Unspecified</pose>
		<truncated>0</truncated>
		<difficult>0</difficult>
		<occluded>0</occluded>
		<bndbox>
			<xmin>22</xmin>
			<xmax>40</xmax>
			<ymin>242</ymin>
			<ymax>271</ymax>
		</bndbox>
	</object>
	<object>
		<name>Traffic-light</name>
		<pose>Unspecified</pose>
		<truncated>0</truncated>
		<difficult>0</difficult>
		<occluded>0</occluded>
		<bndbox>
			<xmin>321</xmin>
			<xmax>325</xmax>
			<ymin>209</ymin>
			<ymax>218</ymax>
		</bndbox>
	</object>
	<object>
		<name>Traffic-light</name>
		<pose>Unspecified</pose>
		<truncated>0</truncated>
		<difficult>0</difficult>
		<occluded>0</occluded>
		<bndbox>
			<xmin>373</xmin>
			<xmax>379</xmax>
			<ymin>193</ymin>
			<ymax>203</ymax>
		</bndbox>
	</object>
</annotation>
