<annotation>
	<folder></folder>
	<filename>61fd83f8053a892d_jpg.rf.a1712f84624a16337a2224919f3a1a80.jpg</filename>
	<path>61fd83f8053a892d_jpg.rf.a1712f84624a16337a2224919f3a1a80.jpg</path>
	<source>
		<database>roboflow.ai</database>
	</source>
	<size>
		<width>416</width>
		<height>416</height>
		<depth>3</depth>
	</size>
	<segmented>0</segmented>
	<object>
		<name>Traffic-light</name>
		<pose>Unspecified</pose>
		<truncated>0</truncated>
		<difficult>0</difficult>
		<occluded>0</occluded>
		<bndbox>
			<xmin>194</xmin>
			<xmax>368</xmax>
			<ymin>68</ymin>
			<ymax>417</ymax>
		</bndbox>
	</object>
	<object>
		<name>Traffic-light</name>
		<pose>Unspecified</pose>
		<truncated>0</truncated>
		<difficult>0</difficult>
		<occluded>0</occluded>
		<bndbox>
			<xmin>304</xmin>
			<xmax>417</xmax>
			<ymin>153</ymin>
			<ymax>417</ymax>
		</bndbox>
	</object>
</annotation>
