<annotation>
	<folder></folder>
	<filename>61fd83f8053a892d_jpg.rf.db93de1229f232a055ed5fff549e893a.jpg</filename>
	<path>61fd83f8053a892d_jpg.rf.db93de1229f232a055ed5fff549e893a.jpg</path>
	<source>
		<database>roboflow.ai</database>
	</source>
	<size>
		<width>416</width>
		<height>416</height>
		<depth>3</depth>
	</size>
	<segmented>0</segmented>
	<object>
		<name>Traffic-light</name>
		<pose>Unspecified</pose>
		<truncated>0</truncated>
		<difficult>0</difficult>
		<occluded>0</occluded>
		<bndbox>
			<xmin>203</xmin>
			<xmax>363</xmax>
			<ymin>42</ymin>
			<ymax>415</ymax>
		</bndbox>
	</object>
	<object>
		<name>Traffic-light</name>
		<pose>Unspecified</pose>
		<truncated>0</truncated>
		<difficult>0</difficult>
		<occluded>0</occluded>
		<bndbox>
			<xmin>318</xmin>
			<xmax>417</xmax>
			<ymin>102</ymin>
			<ymax>403</ymax>
		</bndbox>
	</object>
</annotation>
