<annotation>
	<folder></folder>
	<filename>63bb61ec37f41bb6_jpg.rf.ca6ab1699cb07464f078117bf17429a5.jpg</filename>
	<path>63bb61ec37f41bb6_jpg.rf.ca6ab1699cb07464f078117bf17429a5.jpg</path>
	<source>
		<database>roboflow.ai</database>
	</source>
	<size>
		<width>416</width>
		<height>416</height>
		<depth>3</depth>
	</size>
	<segmented>0</segmented>
	<object>
		<name>Traffic-light</name>
		<pose>Unspecified</pose>
		<truncated>0</truncated>
		<difficult>0</difficult>
		<occluded>0</occluded>
		<bndbox>
			<xmin>22</xmin>
			<xmax>417</xmax>
			<ymin>1</ymin>
			<ymax>406</ymax>
		</bndbox>
	</object>
</annotation>
