<annotation>
	<folder></folder>
	<filename>649c38941245a4a3_jpg.rf.0348872e4c96fe8a9621c8eb85062130.jpg</filename>
	<path>649c38941245a4a3_jpg.rf.0348872e4c96fe8a9621c8eb85062130.jpg</path>
	<source>
		<database>roboflow.ai</database>
	</source>
	<size>
		<width>416</width>
		<height>416</height>
		<depth>3</depth>
	</size>
	<segmented>0</segmented>
	<object>
		<name>Traffic-light</name>
		<pose>Unspecified</pose>
		<truncated>0</truncated>
		<difficult>0</difficult>
		<occluded>0</occluded>
		<bndbox>
			<xmin>174</xmin>
			<xmax>200</xmax>
			<ymin>6</ymin>
			<ymax>68</ymax>
		</bndbox>
	</object>
	<object>
		<name>Traffic-light</name>
		<pose>Unspecified</pose>
		<truncated>0</truncated>
		<difficult>0</difficult>
		<occluded>0</occluded>
		<bndbox>
			<xmin>356</xmin>
			<xmax>365</xmax>
			<ymin>304</ymin>
			<ymax>330</ymax>
		</bndbox>
	</object>
</annotation>
