<annotation>
	<folder></folder>
	<filename>649c38941245a4a3_jpg.rf.e25739c01e8c953ac9ae1054ede67ef7.jpg</filename>
	<path>649c38941245a4a3_jpg.rf.e25739c01e8c953ac9ae1054ede67ef7.jpg</path>
	<source>
		<database>roboflow.ai</database>
	</source>
	<size>
		<width>416</width>
		<height>416</height>
		<depth>3</depth>
	</size>
	<segmented>0</segmented>
	<object>
		<name>Traffic-light</name>
		<pose>Unspecified</pose>
		<truncated>0</truncated>
		<difficult>0</difficult>
		<occluded>0</occluded>
		<bndbox>
			<xmin>149</xmin>
			<xmax>172</xmax>
			<ymin>44</ymin>
			<ymax>98</ymax>
		</bndbox>
	</object>
	<object>
		<name>Traffic-light</name>
		<pose>Unspecified</pose>
		<truncated>0</truncated>
		<difficult>0</difficult>
		<occluded>0</occluded>
		<bndbox>
			<xmin>308</xmin>
			<xmax>315</xmax>
			<ymin>303</ymin>
			<ymax>326</ymax>
		</bndbox>
	</object>
</annotation>
