<annotation>
	<folder></folder>
	<filename>6757b852e1c88391_jpg.rf.8203e4584d0e1f63d4e46ea16533633f.jpg</filename>
	<path>6757b852e1c88391_jpg.rf.8203e4584d0e1f63d4e46ea16533633f.jpg</path>
	<source>
		<database>roboflow.ai</database>
	</source>
	<size>
		<width>416</width>
		<height>416</height>
		<depth>3</depth>
	</size>
	<segmented>0</segmented>
	<object>
		<name>Traffic-light</name>
		<pose>Unspecified</pose>
		<truncated>0</truncated>
		<difficult>0</difficult>
		<occluded>0</occluded>
		<bndbox>
			<xmin>158</xmin>
			<xmax>196</xmax>
			<ymin>30</ymin>
			<ymax>121</ymax>
		</bndbox>
	</object>
	<object>
		<name>Traffic-light</name>
		<pose>Unspecified</pose>
		<truncated>0</truncated>
		<difficult>0</difficult>
		<occluded>0</occluded>
		<bndbox>
			<xmin>165</xmin>
			<xmax>209</xmax>
			<ymin>152</ymin>
			<ymax>203</ymax>
		</bndbox>
	</object>
</annotation>
