<annotation>
	<folder></folder>
	<filename>6757b852e1c88391_jpg.rf.a04317c305967110221e1424cb0303b3.jpg</filename>
	<path>6757b852e1c88391_jpg.rf.a04317c305967110221e1424cb0303b3.jpg</path>
	<source>
		<database>roboflow.ai</database>
	</source>
	<size>
		<width>416</width>
		<height>416</height>
		<depth>3</depth>
	</size>
	<segmented>0</segmented>
	<object>
		<name>Traffic-light</name>
		<pose>Unspecified</pose>
		<truncated>0</truncated>
		<difficult>0</difficult>
		<occluded>0</occluded>
		<bndbox>
			<xmin>188</xmin>
			<xmax>219</xmax>
			<ymin>41</ymin>
			<ymax>119</ymax>
		</bndbox>
	</object>
	<object>
		<name>Traffic-light</name>
		<pose>Unspecified</pose>
		<truncated>0</truncated>
		<difficult>0</difficult>
		<occluded>0</occluded>
		<bndbox>
			<xmin>199</xmin>
			<xmax>236</xmax>
			<ymin>146</ymin>
			<ymax>189</ymax>
		</bndbox>
	</object>
</annotation>
