<annotation>
	<folder></folder>
	<filename>6a37d536b1fe1580_jpg.rf.a03263abada0a3e432c22f4db0ac6a2d.jpg</filename>
	<path>6a37d536b1fe1580_jpg.rf.a03263abada0a3e432c22f4db0ac6a2d.jpg</path>
	<source>
		<database>roboflow.ai</database>
	</source>
	<size>
		<width>416</width>
		<height>416</height>
		<depth>3</depth>
	</size>
	<segmented>0</segmented>
	<object>
		<name>Traffic-light</name>
		<pose>Unspecified</pose>
		<truncated>0</truncated>
		<difficult>0</difficult>
		<occluded>0</occluded>
		<bndbox>
			<xmin>66</xmin>
			<xmax>73</xmax>
			<ymin>111</ymin>
			<ymax>128</ymax>
		</bndbox>
	</object>
	<object>
		<name>Traffic-light</name>
		<pose>Unspecified</pose>
		<truncated>0</truncated>
		<difficult>0</difficult>
		<occluded>0</occluded>
		<bndbox>
			<xmin>127</xmin>
			<xmax>132</xmax>
			<ymin>106</ymin>
			<ymax>115</ymax>
		</bndbox>
	</object>
	<object>
		<name>Traffic-light</name>
		<pose>Unspecified</pose>
		<truncated>0</truncated>
		<difficult>0</difficult>
		<occluded>0</occluded>
		<bndbox>
			<xmin>126</xmin>
			<xmax>147</xmax>
			<ymin>22</ymin>
			<ymax>79</ymax>
		</bndbox>
	</object>
</annotation>
