<annotation>
	<folder></folder>
	<filename>6a37d536b1fe1580_jpg.rf.3cdad9b770f24de117bb61e08292ca0b.jpg</filename>
	<path>6a37d536b1fe1580_jpg.rf.3cdad9b770f24de117bb61e08292ca0b.jpg</path>
	<source>
		<database>roboflow.ai</database>
	</source>
	<size>
		<width>416</width>
		<height>416</height>
		<depth>3</depth>
	</size>
	<segmented>0</segmented>
	<object>
		<name>Traffic-light</name>
		<pose>Unspecified</pose>
		<truncated>0</truncated>
		<difficult>0</difficult>
		<occluded>0</occluded>
		<bndbox>
			<xmin>88</xmin>
			<xmax>95</xmax>
			<ymin>119</ymin>
			<ymax>136</ymax>
		</bndbox>
	</object>
	<object>
		<name>Traffic-light</name>
		<pose>Unspecified</pose>
		<truncated>0</truncated>
		<difficult>0</difficult>
		<occluded>0</occluded>
		<bndbox>
			<xmin>149</xmin>
			<xmax>154</xmax>
			<ymin>113</ymin>
			<ymax>122</ymax>
		</bndbox>
	</object>
	<object>
		<name>Traffic-light</name>
		<pose>Unspecified</pose>
		<truncated>0</truncated>
		<difficult>0</difficult>
		<occluded>0</occluded>
		<bndbox>
			<xmin>146</xmin>
			<xmax>168</xmax>
			<ymin>31</ymin>
			<ymax>87</ymax>
		</bndbox>
	</object>
</annotation>
