<annotation>
	<folder></folder>
	<filename>6a4fc06afd0dcdb3_jpg.rf.b66f18f3f033a1b4aed80d29eea2c644.jpg</filename>
	<path>6a4fc06afd0dcdb3_jpg.rf.b66f18f3f033a1b4aed80d29eea2c644.jpg</path>
	<source>
		<database>roboflow.ai</database>
	</source>
	<size>
		<width>416</width>
		<height>416</height>
		<depth>3</depth>
	</size>
	<segmented>0</segmented>
	<object>
		<name>Traffic-light</name>
		<pose>Unspecified</pose>
		<truncated>0</truncated>
		<difficult>0</difficult>
		<occluded>0</occluded>
		<bndbox>
			<xmin>118</xmin>
			<xmax>125</xmax>
			<ymin>127</ymin>
			<ymax>140</ymax>
		</bndbox>
	</object>
	<object>
		<name>Traffic-light</name>
		<pose>Unspecified</pose>
		<truncated>0</truncated>
		<difficult>0</difficult>
		<occluded>0</occluded>
		<bndbox>
			<xmin>221</xmin>
			<xmax>227</xmax>
			<ymin>133</ymin>
			<ymax>152</ymax>
		</bndbox>
	</object>
</annotation>
