<annotation>
	<folder></folder>
	<filename>6a4fc06afd0dcdb3_jpg.rf.652040ea87edef8ce1aab717696a1bef.jpg</filename>
	<path>6a4fc06afd0dcdb3_jpg.rf.652040ea87edef8ce1aab717696a1bef.jpg</path>
	<source>
		<database>roboflow.ai</database>
	</source>
	<size>
		<width>416</width>
		<height>416</height>
		<depth>3</depth>
	</size>
	<segmented>0</segmented>
	<object>
		<name>Traffic-light</name>
		<pose>Unspecified</pose>
		<truncated>0</truncated>
		<difficult>0</difficult>
		<occluded>0</occluded>
		<bndbox>
			<xmin>147</xmin>
			<xmax>155</xmax>
			<ymin>155</ymin>
			<ymax>169</ymax>
		</bndbox>
	</object>
	<object>
		<name>Traffic-light</name>
		<pose>Unspecified</pose>
		<truncated>0</truncated>
		<difficult>0</difficult>
		<occluded>0</occluded>
		<bndbox>
			<xmin>252</xmin>
			<xmax>260</xmax>
			<ymin>148</ymin>
			<ymax>167</ymax>
		</bndbox>
	</object>
</annotation>
