<annotation>
	<folder></folder>
	<filename>6aa8240ad5297a77_jpg.rf.db530ba48fdeb2551d3aa87d88f39e8b.jpg</filename>
	<path>6aa8240ad5297a77_jpg.rf.db530ba48fdeb2551d3aa87d88f39e8b.jpg</path>
	<source>
		<database>roboflow.ai</database>
	</source>
	<size>
		<width>416</width>
		<height>416</height>
		<depth>3</depth>
	</size>
	<segmented>0</segmented>
	<object>
		<name>Traffic-light</name>
		<pose>Unspecified</pose>
		<truncated>0</truncated>
		<difficult>0</difficult>
		<occluded>0</occluded>
		<bndbox>
			<xmin>190</xmin>
			<xmax>232</xmax>
			<ymin>45</ymin>
			<ymax>121</ymax>
		</bndbox>
	</object>
</annotation>
