<annotation>
	<folder></folder>
	<filename>6aa8240ad5297a77_jpg.rf.12853fada4ef63f26026c982aa3ceff9.jpg</filename>
	<path>6aa8240ad5297a77_jpg.rf.12853fada4ef63f26026c982aa3ceff9.jpg</path>
	<source>
		<database>roboflow.ai</database>
	</source>
	<size>
		<width>416</width>
		<height>416</height>
		<depth>3</depth>
	</size>
	<segmented>0</segmented>
	<object>
		<name>Traffic-light</name>
		<pose>Unspecified</pose>
		<truncated>0</truncated>
		<difficult>0</difficult>
		<occluded>0</occluded>
		<bndbox>
			<xmin>195</xmin>
			<xmax>234</xmax>
			<ymin>48</ymin>
			<ymax>126</ymax>
		</bndbox>
	</object>
</annotation>
