<annotation>
	<folder></folder>
	<filename>6cd700a5bc37f907_jpg.rf.73d4313b2048e00a158bef0be3178dd3.jpg</filename>
	<path>6cd700a5bc37f907_jpg.rf.73d4313b2048e00a158bef0be3178dd3.jpg</path>
	<source>
		<database>roboflow.ai</database>
	</source>
	<size>
		<width>416</width>
		<height>416</height>
		<depth>3</depth>
	</size>
	<segmented>0</segmented>
	<object>
		<name>Traffic-light</name>
		<pose>Unspecified</pose>
		<truncated>0</truncated>
		<difficult>0</difficult>
		<occluded>0</occluded>
		<bndbox>
			<xmin>65</xmin>
			<xmax>68</xmax>
			<ymin>252</ymin>
			<ymax>263</ymax>
		</bndbox>
	</object>
</annotation>
