<annotation>
	<folder></folder>
	<filename>6cd700a5bc37f907_jpg.rf.80144b2d3a7ffc6814316b8242dd3943.jpg</filename>
	<path>6cd700a5bc37f907_jpg.rf.80144b2d3a7ffc6814316b8242dd3943.jpg</path>
	<source>
		<database>roboflow.ai</database>
	</source>
	<size>
		<width>416</width>
		<height>416</height>
		<depth>3</depth>
	</size>
	<segmented>0</segmented>
	<object>
		<name>Traffic-light</name>
		<pose>Unspecified</pose>
		<truncated>0</truncated>
		<difficult>0</difficult>
		<occluded>0</occluded>
		<bndbox>
			<xmin>67</xmin>
			<xmax>71</xmax>
			<ymin>274</ymin>
			<ymax>287</ymax>
		</bndbox>
	</object>
</annotation>
