<annotation>
	<folder></folder>
	<filename>6d9f52845a782fde_jpg.rf.22b71a0508781dbd643d6cb3caf1b89c.jpg</filename>
	<path>6d9f52845a782fde_jpg.rf.22b71a0508781dbd643d6cb3caf1b89c.jpg</path>
	<source>
		<database>roboflow.ai</database>
	</source>
	<size>
		<width>416</width>
		<height>416</height>
		<depth>3</depth>
	</size>
	<segmented>0</segmented>
	<object>
		<name>Traffic-light</name>
		<pose>Unspecified</pose>
		<truncated>0</truncated>
		<difficult>0</difficult>
		<occluded>0</occluded>
		<bndbox>
			<xmin>197</xmin>
			<xmax>298</xmax>
			<ymin>220</ymin>
			<ymax>417</ymax>
		</bndbox>
	</object>
	<object>
		<name>Traffic-light</name>
		<pose>Unspecified</pose>
		<truncated>0</truncated>
		<difficult>0</difficult>
		<occluded>0</occluded>
		<bndbox>
			<xmin>1</xmin>
			<xmax>63</xmax>
			<ymin>174</ymin>
			<ymax>293</ymax>
		</bndbox>
	</object>
	<object>
		<name>Traffic-light</name>
		<pose>Unspecified</pose>
		<truncated>0</truncated>
		<difficult>0</difficult>
		<occluded>0</occluded>
		<bndbox>
			<xmin>234</xmin>
			<xmax>285</xmax>
			<ymin>241</ymin>
			<ymax>331</ymax>
		</bndbox>
	</object>
</annotation>
