<annotation>
	<folder></folder>
	<filename>6eb51095efb54bb5_jpg.rf.22681edc52f7543d23ca0b4ee453a6a1.jpg</filename>
	<path>6eb51095efb54bb5_jpg.rf.22681edc52f7543d23ca0b4ee453a6a1.jpg</path>
	<source>
		<database>roboflow.ai</database>
	</source>
	<size>
		<width>416</width>
		<height>416</height>
		<depth>3</depth>
	</size>
	<segmented>0</segmented>
	<object>
		<name>Traffic-light</name>
		<pose>Unspecified</pose>
		<truncated>0</truncated>
		<difficult>0</difficult>
		<occluded>0</occluded>
		<bndbox>
			<xmin>83</xmin>
			<xmax>86</xmax>
			<ymin>290</ymin>
			<ymax>295</ymax>
		</bndbox>
	</object>
	<object>
		<name>Traffic-light</name>
		<pose>Unspecified</pose>
		<truncated>0</truncated>
		<difficult>0</difficult>
		<occluded>0</occluded>
		<bndbox>
			<xmin>91</xmin>
			<xmax>95</xmax>
			<ymin>297</ymin>
			<ymax>301</ymax>
		</bndbox>
	</object>
	<object>
		<name>Traffic-light</name>
		<pose>Unspecified</pose>
		<truncated>0</truncated>
		<difficult>0</difficult>
		<occluded>0</occluded>
		<bndbox>
			<xmin>112</xmin>
			<xmax>113</xmax>
			<ymin>286</ymin>
			<ymax>290</ymax>
		</bndbox>
	</object>
	<object>
		<name>Traffic-light</name>
		<pose>Unspecified</pose>
		<truncated>0</truncated>
		<difficult>0</difficult>
		<occluded>0</occluded>
		<bndbox>
			<xmin>182</xmin>
			<xmax>184</xmax>
			<ymin>296</ymin>
			<ymax>303</ymax>
		</bndbox>
	</object>
</annotation>
