<annotation>
	<folder></folder>
	<filename>710b89662cdfd67c_jpg.rf.21f41f3e0edabb1e6c48ee289c317ed4.jpg</filename>
	<path>710b89662cdfd67c_jpg.rf.21f41f3e0edabb1e6c48ee289c317ed4.jpg</path>
	<source>
		<database>roboflow.ai</database>
	</source>
	<size>
		<width>416</width>
		<height>416</height>
		<depth>3</depth>
	</size>
	<segmented>0</segmented>
	<object>
		<name>Traffic-light</name>
		<pose>Unspecified</pose>
		<truncated>0</truncated>
		<difficult>0</difficult>
		<occluded>0</occluded>
		<bndbox>
			<xmin>1</xmin>
			<xmax>272</xmax>
			<ymin>1</ymin>
			<ymax>417</ymax>
		</bndbox>
	</object>
</annotation>
