<annotation>
	<folder></folder>
	<filename>710b89662cdfd67c_jpg.rf.cf931242ddeab73206f16e0a38503ca3.jpg</filename>
	<path>710b89662cdfd67c_jpg.rf.cf931242ddeab73206f16e0a38503ca3.jpg</path>
	<source>
		<database>roboflow.ai</database>
	</source>
	<size>
		<width>416</width>
		<height>416</height>
		<depth>3</depth>
	</size>
	<segmented>0</segmented>
	<object>
		<name>Traffic-light</name>
		<pose>Unspecified</pose>
		<truncated>0</truncated>
		<difficult>0</difficult>
		<occluded>0</occluded>
		<bndbox>
			<xmin>1</xmin>
			<xmax>291</xmax>
			<ymin>1</ymin>
			<ymax>417</ymax>
		</bndbox>
	</object>
</annotation>
