<annotation>
	<folder></folder>
	<filename>734a1ae97d2e17c5_jpg.rf.9074c1cca4b73c41b513a6db4a9f69ee.jpg</filename>
	<path>734a1ae97d2e17c5_jpg.rf.9074c1cca4b73c41b513a6db4a9f69ee.jpg</path>
	<source>
		<database>roboflow.ai</database>
	</source>
	<size>
		<width>416</width>
		<height>416</height>
		<depth>3</depth>
	</size>
	<segmented>0</segmented>
	<object>
		<name>Traffic-light</name>
		<pose>Unspecified</pose>
		<truncated>0</truncated>
		<difficult>0</difficult>
		<occluded>0</occluded>
		<bndbox>
			<xmin>24</xmin>
			<xmax>27</xmax>
			<ymin>380</ymin>
			<ymax>390</ymax>
		</bndbox>
	</object>
	<object>
		<name>Traffic-light</name>
		<pose>Unspecified</pose>
		<truncated>0</truncated>
		<difficult>0</difficult>
		<occluded>0</occluded>
		<bndbox>
			<xmin>59</xmin>
			<xmax>63</xmax>
			<ymin>367</ymin>
			<ymax>376</ymax>
		</bndbox>
	</object>
	<object>
		<name>Traffic-light</name>
		<pose>Unspecified</pose>
		<truncated>0</truncated>
		<difficult>0</difficult>
		<occluded>0</occluded>
		<bndbox>
			<xmin>172</xmin>
			<xmax>252</xmax>
			<ymin>103</ymin>
			<ymax>211</ymax>
		</bndbox>
	</object>
</annotation>
