<annotation>
	<folder></folder>
	<filename>734a1ae97d2e17c5_jpg.rf.be0a1172843b7bbde9d37a6d36366a45.jpg</filename>
	<path>734a1ae97d2e17c5_jpg.rf.be0a1172843b7bbde9d37a6d36366a45.jpg</path>
	<source>
		<database>roboflow.ai</database>
	</source>
	<size>
		<width>416</width>
		<height>416</height>
		<depth>3</depth>
	</size>
	<segmented>0</segmented>
	<object>
		<name>Traffic-light</name>
		<pose>Unspecified</pose>
		<truncated>0</truncated>
		<difficult>0</difficult>
		<occluded>0</occluded>
		<bndbox>
			<xmin>169</xmin>
			<xmax>265</xmax>
			<ymin>109</ymin>
			<ymax>238</ymax>
		</bndbox>
	</object>
</annotation>
