<annotation>
	<folder></folder>
	<filename>783731e95d6b707a_jpg.rf.f7d52a90d90853ba33c389a3718d355a.jpg</filename>
	<path>783731e95d6b707a_jpg.rf.f7d52a90d90853ba33c389a3718d355a.jpg</path>
	<source>
		<database>roboflow.ai</database>
	</source>
	<size>
		<width>416</width>
		<height>416</height>
		<depth>3</depth>
	</size>
	<segmented>0</segmented>
	<object>
		<name>Traffic-light</name>
		<pose>Unspecified</pose>
		<truncated>0</truncated>
		<difficult>0</difficult>
		<occluded>0</occluded>
		<bndbox>
			<xmin>362</xmin>
			<xmax>381</xmax>
			<ymin>26</ymin>
			<ymax>60</ymax>
		</bndbox>
	</object>
</annotation>
