<annotation>
	<folder></folder>
	<filename>7b3f7c6e9d330b8d_jpg.rf.bc68e01a880489ec811a6a10002fdecf.jpg</filename>
	<path>7b3f7c6e9d330b8d_jpg.rf.bc68e01a880489ec811a6a10002fdecf.jpg</path>
	<source>
		<database>roboflow.ai</database>
	</source>
	<size>
		<width>416</width>
		<height>416</height>
		<depth>3</depth>
	</size>
	<segmented>0</segmented>
	<object>
		<name>Traffic-light</name>
		<pose>Unspecified</pose>
		<truncated>0</truncated>
		<difficult>0</difficult>
		<occluded>0</occluded>
		<bndbox>
			<xmin>130</xmin>
			<xmax>414</xmax>
			<ymin>1</ymin>
			<ymax>344</ymax>
		</bndbox>
	</object>
</annotation>
