<annotation>
	<folder></folder>
	<filename>7b3f7c6e9d330b8d_jpg.rf.3e1a5635afd4d0eb76340f44cbdb18aa.jpg</filename>
	<path>7b3f7c6e9d330b8d_jpg.rf.3e1a5635afd4d0eb76340f44cbdb18aa.jpg</path>
	<source>
		<database>roboflow.ai</database>
	</source>
	<size>
		<width>416</width>
		<height>416</height>
		<depth>3</depth>
	</size>
	<segmented>0</segmented>
	<object>
		<name>Traffic-light</name>
		<pose>Unspecified</pose>
		<truncated>0</truncated>
		<difficult>0</difficult>
		<occluded>0</occluded>
		<bndbox>
			<xmin>141</xmin>
			<xmax>417</xmax>
			<ymin>1</ymin>
			<ymax>398</ymax>
		</bndbox>
	</object>
</annotation>
