<annotation>
	<folder></folder>
	<filename>7b411937ff0bd582_jpg.rf.2cc538054a5444d75a5e4d6777ed8abb.jpg</filename>
	<path>7b411937ff0bd582_jpg.rf.2cc538054a5444d75a5e4d6777ed8abb.jpg</path>
	<source>
		<database>roboflow.ai</database>
	</source>
	<size>
		<width>416</width>
		<height>416</height>
		<depth>3</depth>
	</size>
	<segmented>0</segmented>
	<object>
		<name>Traffic-light</name>
		<pose>Unspecified</pose>
		<truncated>0</truncated>
		<difficult>0</difficult>
		<occluded>0</occluded>
		<bndbox>
			<xmin>1</xmin>
			<xmax>89</xmax>
			<ymin>175</ymin>
			<ymax>408</ymax>
		</bndbox>
	</object>
</annotation>
