<annotation>
	<folder></folder>
	<filename>7b411937ff0bd582_jpg.rf.fd2b48490bb24fb9fc8a2121182dfe3f.jpg</filename>
	<path>7b411937ff0bd582_jpg.rf.fd2b48490bb24fb9fc8a2121182dfe3f.jpg</path>
	<source>
		<database>roboflow.ai</database>
	</source>
	<size>
		<width>416</width>
		<height>416</height>
		<depth>3</depth>
	</size>
	<segmented>0</segmented>
	<object>
		<name>Traffic-light</name>
		<pose>Unspecified</pose>
		<truncated>0</truncated>
		<difficult>0</difficult>
		<occluded>0</occluded>
		<bndbox>
			<xmin>1</xmin>
			<xmax>127</xmax>
			<ymin>170</ymin>
			<ymax>413</ymax>
		</bndbox>
	</object>
</annotation>
