<annotation>
	<folder></folder>
	<filename>7b625c1149d20524_jpg.rf.477598348e01e8f9d0a65a23f5ea204c.jpg</filename>
	<path>7b625c1149d20524_jpg.rf.477598348e01e8f9d0a65a23f5ea204c.jpg</path>
	<source>
		<database>roboflow.ai</database>
	</source>
	<size>
		<width>416</width>
		<height>416</height>
		<depth>3</depth>
	</size>
	<segmented>0</segmented>
	<object>
		<name>Traffic-light</name>
		<pose>Unspecified</pose>
		<truncated>0</truncated>
		<difficult>0</difficult>
		<occluded>0</occluded>
		<bndbox>
			<xmin>32</xmin>
			<xmax>54</xmax>
			<ymin>195</ymin>
			<ymax>247</ymax>
		</bndbox>
	</object>
	<object>
		<name>Traffic-light</name>
		<pose>Unspecified</pose>
		<truncated>0</truncated>
		<difficult>0</difficult>
		<occluded>0</occluded>
		<bndbox>
			<xmin>231</xmin>
			<xmax>249</xmax>
			<ymin>251</ymin>
			<ymax>299</ymax>
		</bndbox>
	</object>
</annotation>
