<annotation>
	<folder></folder>
	<filename>7b625c1149d20524_jpg.rf.eab3e4003ca38b6c24a3f5c41f71abc0.jpg</filename>
	<path>7b625c1149d20524_jpg.rf.eab3e4003ca38b6c24a3f5c41f71abc0.jpg</path>
	<source>
		<database>roboflow.ai</database>
	</source>
	<size>
		<width>416</width>
		<height>416</height>
		<depth>3</depth>
	</size>
	<segmented>0</segmented>
	<object>
		<name>Traffic-light</name>
		<pose>Unspecified</pose>
		<truncated>0</truncated>
		<difficult>0</difficult>
		<occluded>0</occluded>
		<bndbox>
			<xmin>57</xmin>
			<xmax>80</xmax>
			<ymin>282</ymin>
			<ymax>337</ymax>
		</bndbox>
	</object>
	<object>
		<name>Traffic-light</name>
		<pose>Unspecified</pose>
		<truncated>0</truncated>
		<difficult>0</difficult>
		<occluded>0</occluded>
		<bndbox>
			<xmin>273</xmin>
			<xmax>293</xmax>
			<ymin>244</ymin>
			<ymax>295</ymax>
		</bndbox>
	</object>
</annotation>
