<annotation>
	<folder></folder>
	<filename>7c5dcaccabcaa5b8_jpg.rf.b6a4d119b66c00892e12623594d6c445.jpg</filename>
	<path>7c5dcaccabcaa5b8_jpg.rf.b6a4d119b66c00892e12623594d6c445.jpg</path>
	<source>
		<database>roboflow.ai</database>
	</source>
	<size>
		<width>416</width>
		<height>416</height>
		<depth>3</depth>
	</size>
	<segmented>0</segmented>
	<object>
		<name>Traffic-light</name>
		<pose>Unspecified</pose>
		<truncated>0</truncated>
		<difficult>0</difficult>
		<occluded>0</occluded>
		<bndbox>
			<xmin>115</xmin>
			<xmax>123</xmax>
			<ymin>192</ymin>
			<ymax>224</ymax>
		</bndbox>
	</object>
	<object>
		<name>Traffic-light</name>
		<pose>Unspecified</pose>
		<truncated>0</truncated>
		<difficult>0</difficult>
		<occluded>0</occluded>
		<bndbox>
			<xmin>123</xmin>
			<xmax>133</xmax>
			<ymin>194</ymin>
			<ymax>228</ymax>
		</bndbox>
	</object>
	<object>
		<name>Traffic-light</name>
		<pose>Unspecified</pose>
		<truncated>0</truncated>
		<difficult>0</difficult>
		<occluded>0</occluded>
		<bndbox>
			<xmin>406</xmin>
			<xmax>412</xmax>
			<ymin>214</ymin>
			<ymax>238</ymax>
		</bndbox>
	</object>
</annotation>
