<annotation>
	<folder></folder>
	<filename>7c5dcaccabcaa5b8_jpg.rf.3187abe33653e28052b6aaa86643e848.jpg</filename>
	<path>7c5dcaccabcaa5b8_jpg.rf.3187abe33653e28052b6aaa86643e848.jpg</path>
	<source>
		<database>roboflow.ai</database>
	</source>
	<size>
		<width>416</width>
		<height>416</height>
		<depth>3</depth>
	</size>
	<segmented>0</segmented>
	<object>
		<name>Traffic-light</name>
		<pose>Unspecified</pose>
		<truncated>0</truncated>
		<difficult>0</difficult>
		<occluded>0</occluded>
		<bndbox>
			<xmin>110</xmin>
			<xmax>120</xmax>
			<ymin>216</ymin>
			<ymax>245</ymax>
		</bndbox>
	</object>
	<object>
		<name>Traffic-light</name>
		<pose>Unspecified</pose>
		<truncated>0</truncated>
		<difficult>0</difficult>
		<occluded>0</occluded>
		<bndbox>
			<xmin>119</xmin>
			<xmax>130</xmax>
			<ymin>218</ymin>
			<ymax>249</ymax>
		</bndbox>
	</object>
	<object>
		<name>Traffic-light</name>
		<pose>Unspecified</pose>
		<truncated>0</truncated>
		<difficult>0</difficult>
		<occluded>0</occluded>
		<bndbox>
			<xmin>376</xmin>
			<xmax>384</xmax>
			<ymin>218</ymin>
			<ymax>241</ymax>
		</bndbox>
	</object>
</annotation>
