<annotation>
	<folder></folder>
	<filename>7d56210ba5b0dbe8_jpg.rf.15ee1cd19f546314439601eac46b113a.jpg</filename>
	<path>7d56210ba5b0dbe8_jpg.rf.15ee1cd19f546314439601eac46b113a.jpg</path>
	<source>
		<database>roboflow.ai</database>
	</source>
	<size>
		<width>416</width>
		<height>416</height>
		<depth>3</depth>
	</size>
	<segmented>0</segmented>
	<object>
		<name>Traffic-light</name>
		<pose>Unspecified</pose>
		<truncated>0</truncated>
		<difficult>0</difficult>
		<occluded>0</occluded>
		<bndbox>
			<xmin>21</xmin>
			<xmax>34</xmax>
			<ymin>76</ymin>
			<ymax>120</ymax>
		</bndbox>
	</object>
	<object>
		<name>Traffic-light</name>
		<pose>Unspecified</pose>
		<truncated>0</truncated>
		<difficult>0</difficult>
		<occluded>0</occluded>
		<bndbox>
			<xmin>156</xmin>
			<xmax>164</xmax>
			<ymin>191</ymin>
			<ymax>201</ymax>
		</bndbox>
	</object>
</annotation>
