<annotation>
	<folder></folder>
	<filename>7d56210ba5b0dbe8_jpg.rf.3af25b996a38544054325400d3dbd0be.jpg</filename>
	<path>7d56210ba5b0dbe8_jpg.rf.3af25b996a38544054325400d3dbd0be.jpg</path>
	<source>
		<database>roboflow.ai</database>
	</source>
	<size>
		<width>416</width>
		<height>416</height>
		<depth>3</depth>
	</size>
	<segmented>0</segmented>
	<object>
		<name>Traffic-light</name>
		<pose>Unspecified</pose>
		<truncated>0</truncated>
		<difficult>0</difficult>
		<occluded>0</occluded>
		<bndbox>
			<xmin>23</xmin>
			<xmax>35</xmax>
			<ymin>66</ymin>
			<ymax>109</ymax>
		</bndbox>
	</object>
	<object>
		<name>Traffic-light</name>
		<pose>Unspecified</pose>
		<truncated>0</truncated>
		<difficult>0</difficult>
		<occluded>0</occluded>
		<bndbox>
			<xmin>152</xmin>
			<xmax>160</xmax>
			<ymin>183</ymin>
			<ymax>193</ymax>
		</bndbox>
	</object>
</annotation>
