<annotation>
	<folder></folder>
	<filename>7dfb8f6d63ea0921_jpg.rf.cdb4292a133814d9befc44e80d795890.jpg</filename>
	<path>7dfb8f6d63ea0921_jpg.rf.cdb4292a133814d9befc44e80d795890.jpg</path>
	<source>
		<database>roboflow.ai</database>
	</source>
	<size>
		<width>416</width>
		<height>416</height>
		<depth>3</depth>
	</size>
	<segmented>0</segmented>
	<object>
		<name>Traffic-light</name>
		<pose>Unspecified</pose>
		<truncated>0</truncated>
		<difficult>0</difficult>
		<occluded>0</occluded>
		<bndbox>
			<xmin>12</xmin>
			<xmax>32</xmax>
			<ymin>228</ymin>
			<ymax>261</ymax>
		</bndbox>
	</object>
	<object>
		<name>Traffic-light</name>
		<pose>Unspecified</pose>
		<truncated>0</truncated>
		<difficult>0</difficult>
		<occluded>0</occluded>
		<bndbox>
			<xmin>19</xmin>
			<xmax>39</xmax>
			<ymin>273</ymin>
			<ymax>293</ymax>
		</bndbox>
	</object>
</annotation>
