<annotation>
	<folder></folder>
	<filename>7dfb8f6d63ea0921_jpg.rf.4c7ef3e0d46cd6663406c6343217d7b4.jpg</filename>
	<path>7dfb8f6d63ea0921_jpg.rf.4c7ef3e0d46cd6663406c6343217d7b4.jpg</path>
	<source>
		<database>roboflow.ai</database>
	</source>
	<size>
		<width>416</width>
		<height>416</height>
		<depth>3</depth>
	</size>
	<segmented>0</segmented>
	<object>
		<name>Traffic-light</name>
		<pose>Unspecified</pose>
		<truncated>0</truncated>
		<difficult>0</difficult>
		<occluded>0</occluded>
		<bndbox>
			<xmin>14</xmin>
			<xmax>34</xmax>
			<ymin>278</ymin>
			<ymax>312</ymax>
		</bndbox>
	</object>
	<object>
		<name>Traffic-light</name>
		<pose>Unspecified</pose>
		<truncated>0</truncated>
		<difficult>0</difficult>
		<occluded>0</occluded>
		<bndbox>
			<xmin>22</xmin>
			<xmax>41</xmax>
			<ymin>325</ymin>
			<ymax>345</ymax>
		</bndbox>
	</object>
</annotation>
