<annotation>
	<folder></folder>
	<filename>7f19b1ec3fd47ee2_jpg.rf.8219944f429a5e14901613f7fe544b30.jpg</filename>
	<path>7f19b1ec3fd47ee2_jpg.rf.8219944f429a5e14901613f7fe544b30.jpg</path>
	<source>
		<database>roboflow.ai</database>
	</source>
	<size>
		<width>416</width>
		<height>416</height>
		<depth>3</depth>
	</size>
	<segmented>0</segmented>
	<object>
		<name>Traffic-light</name>
		<pose>Unspecified</pose>
		<truncated>0</truncated>
		<difficult>0</difficult>
		<occluded>0</occluded>
		<bndbox>
			<xmin>158</xmin>
			<xmax>208</xmax>
			<ymin>61</ymin>
			<ymax>209</ymax>
		</bndbox>
	</object>
	<object>
		<name>Traffic-light</name>
		<pose>Unspecified</pose>
		<truncated>0</truncated>
		<difficult>0</difficult>
		<occluded>0</occluded>
		<bndbox>
			<xmin>230</xmin>
			<xmax>282</xmax>
			<ymin>65</ymin>
			<ymax>211</ymax>
		</bndbox>
	</object>
</annotation>
