<annotation>
	<folder></folder>
	<filename>7f19b1ec3fd47ee2_jpg.rf.366a7252e5552892de4483004aa16f78.jpg</filename>
	<path>7f19b1ec3fd47ee2_jpg.rf.366a7252e5552892de4483004aa16f78.jpg</path>
	<source>
		<database>roboflow.ai</database>
	</source>
	<size>
		<width>416</width>
		<height>416</height>
		<depth>3</depth>
	</size>
	<segmented>0</segmented>
	<object>
		<name>Traffic-light</name>
		<pose>Unspecified</pose>
		<truncated>0</truncated>
		<difficult>0</difficult>
		<occluded>0</occluded>
		<bndbox>
			<xmin>161</xmin>
			<xmax>219</xmax>
			<ymin>58</ymin>
			<ymax>210</ymax>
		</bndbox>
	</object>
	<object>
		<name>Traffic-light</name>
		<pose>Unspecified</pose>
		<truncated>0</truncated>
		<difficult>0</difficult>
		<occluded>0</occluded>
		<bndbox>
			<xmin>232</xmin>
			<xmax>293</xmax>
			<ymin>71</ymin>
			<ymax>222</ymax>
		</bndbox>
	</object>
</annotation>
