<annotation>
	<folder></folder>
	<filename>81dd8a01bf6041f8_jpg.rf.7a337b58ef3e3f11265b9da89b2def5c.jpg</filename>
	<path>81dd8a01bf6041f8_jpg.rf.7a337b58ef3e3f11265b9da89b2def5c.jpg</path>
	<source>
		<database>roboflow.ai</database>
	</source>
	<size>
		<width>416</width>
		<height>416</height>
		<depth>3</depth>
	</size>
	<segmented>0</segmented>
	<object>
		<name>Traffic-light</name>
		<pose>Unspecified</pose>
		<truncated>0</truncated>
		<difficult>0</difficult>
		<occluded>0</occluded>
		<bndbox>
			<xmin>1</xmin>
			<xmax>148</xmax>
			<ymin>21</ymin>
			<ymax>267</ymax>
		</bndbox>
	</object>
	<object>
		<name>Traffic-light</name>
		<pose>Unspecified</pose>
		<truncated>0</truncated>
		<difficult>0</difficult>
		<occluded>0</occluded>
		<bndbox>
			<xmin>322</xmin>
			<xmax>405</xmax>
			<ymin>195</ymin>
			<ymax>340</ymax>
		</bndbox>
	</object>
</annotation>
