<annotation>
	<folder></folder>
	<filename>853c5e8a260932c9_jpg.rf.64289cf8a0f27077172b25d8131a1f6c.jpg</filename>
	<path>853c5e8a260932c9_jpg.rf.64289cf8a0f27077172b25d8131a1f6c.jpg</path>
	<source>
		<database>roboflow.ai</database>
	</source>
	<size>
		<width>416</width>
		<height>416</height>
		<depth>3</depth>
	</size>
	<segmented>0</segmented>
	<object>
		<name>Traffic-light</name>
		<pose>Unspecified</pose>
		<truncated>0</truncated>
		<difficult>0</difficult>
		<occluded>0</occluded>
		<bndbox>
			<xmin>195</xmin>
			<xmax>210</xmax>
			<ymin>369</ymin>
			<ymax>397</ymax>
		</bndbox>
	</object>
</annotation>
