<annotation>
	<folder></folder>
	<filename>853c5e8a260932c9_jpg.rf.1adb85fa4ebdc3ef5fd20cde1b9865a7.jpg</filename>
	<path>853c5e8a260932c9_jpg.rf.1adb85fa4ebdc3ef5fd20cde1b9865a7.jpg</path>
	<source>
		<database>roboflow.ai</database>
	</source>
	<size>
		<width>416</width>
		<height>416</height>
		<depth>3</depth>
	</size>
	<segmented>0</segmented>
	<object>
		<name>Traffic-light</name>
		<pose>Unspecified</pose>
		<truncated>0</truncated>
		<difficult>0</difficult>
		<occluded>0</occluded>
		<bndbox>
			<xmin>118</xmin>
			<xmax>123</xmax>
			<ymin>405</ymin>
			<ymax>414</ymax>
		</bndbox>
	</object>
	<object>
		<name>Traffic-light</name>
		<pose>Unspecified</pose>
		<truncated>0</truncated>
		<difficult>0</difficult>
		<occluded>0</occluded>
		<bndbox>
			<xmin>215</xmin>
			<xmax>228</xmax>
			<ymin>337</ymin>
			<ymax>363</ymax>
		</bndbox>
	</object>
</annotation>
