<annotation>
	<folder></folder>
	<filename>87310c31fe4f2ce2_jpg.rf.4ed90fa3dcc7080c1b9f5ae8c5b550e7.jpg</filename>
	<path>87310c31fe4f2ce2_jpg.rf.4ed90fa3dcc7080c1b9f5ae8c5b550e7.jpg</path>
	<source>
		<database>roboflow.ai</database>
	</source>
	<size>
		<width>416</width>
		<height>416</height>
		<depth>3</depth>
	</size>
	<segmented>0</segmented>
	<object>
		<name>Traffic-light</name>
		<pose>Unspecified</pose>
		<truncated>0</truncated>
		<difficult>0</difficult>
		<occluded>0</occluded>
		<bndbox>
			<xmin>220</xmin>
			<xmax>256</xmax>
			<ymin>122</ymin>
			<ymax>157</ymax>
		</bndbox>
	</object>
	<object>
		<name>Traffic-light</name>
		<pose>Unspecified</pose>
		<truncated>0</truncated>
		<difficult>0</difficult>
		<occluded>0</occluded>
		<bndbox>
			<xmin>324</xmin>
			<xmax>368</xmax>
			<ymin>85</ymin>
			<ymax>127</ymax>
		</bndbox>
	</object>
</annotation>
