<annotation>
	<folder></folder>
	<filename>87310c31fe4f2ce2_jpg.rf.8c1fffe5eb74e2260b504a2da6ffeee4.jpg</filename>
	<path>87310c31fe4f2ce2_jpg.rf.8c1fffe5eb74e2260b504a2da6ffeee4.jpg</path>
	<source>
		<database>roboflow.ai</database>
	</source>
	<size>
		<width>416</width>
		<height>416</height>
		<depth>3</depth>
	</size>
	<segmented>0</segmented>
	<object>
		<name>Traffic-light</name>
		<pose>Unspecified</pose>
		<truncated>0</truncated>
		<difficult>0</difficult>
		<occluded>0</occluded>
		<bndbox>
			<xmin>155</xmin>
			<xmax>191</xmax>
			<ymin>92</ymin>
			<ymax>128</ymax>
		</bndbox>
	</object>
	<object>
		<name>Traffic-light</name>
		<pose>Unspecified</pose>
		<truncated>0</truncated>
		<difficult>0</difficult>
		<occluded>0</occluded>
		<bndbox>
			<xmin>244</xmin>
			<xmax>288</xmax>
			<ymin>17</ymin>
			<ymax>59</ymax>
		</bndbox>
	</object>
</annotation>
