<annotation>
	<folder></folder>
	<filename>876b656e6a4ba790_jpg.rf.c0ae045cf12e21f41a4debf730b54626.jpg</filename>
	<path>876b656e6a4ba790_jpg.rf.c0ae045cf12e21f41a4debf730b54626.jpg</path>
	<source>
		<database>roboflow.ai</database>
	</source>
	<size>
		<width>416</width>
		<height>416</height>
		<depth>3</depth>
	</size>
	<segmented>0</segmented>
	<object>
		<name>Traffic-light</name>
		<pose>Unspecified</pose>
		<truncated>0</truncated>
		<difficult>0</difficult>
		<occluded>0</occluded>
		<bndbox>
			<xmin>197</xmin>
			<xmax>227</xmax>
			<ymin>102</ymin>
			<ymax>121</ymax>
		</bndbox>
	</object>
</annotation>
