<annotation>
	<folder></folder>
	<filename>876b656e6a4ba790_jpg.rf.64eaff04947ac6628c153d8cdace8a74.jpg</filename>
	<path>876b656e6a4ba790_jpg.rf.64eaff04947ac6628c153d8cdace8a74.jpg</path>
	<source>
		<database>roboflow.ai</database>
	</source>
	<size>
		<width>416</width>
		<height>416</height>
		<depth>3</depth>
	</size>
	<segmented>0</segmented>
	<object>
		<name>Traffic-light</name>
		<pose>Unspecified</pose>
		<truncated>0</truncated>
		<difficult>0</difficult>
		<occluded>0</occluded>
		<bndbox>
			<xmin>222</xmin>
			<xmax>250</xmax>
			<ymin>94</ymin>
			<ymax>110</ymax>
		</bndbox>
	</object>
</annotation>
