<annotation>
	<folder></folder>
	<filename>898bc3e44b5bb568_jpg.rf.4de1723bb283ec8b7302ccfadb542b4c.jpg</filename>
	<path>898bc3e44b5bb568_jpg.rf.4de1723bb283ec8b7302ccfadb542b4c.jpg</path>
	<source>
		<database>roboflow.ai</database>
	</source>
	<size>
		<width>416</width>
		<height>416</height>
		<depth>3</depth>
	</size>
	<segmented>0</segmented>
	<object>
		<name>Traffic-light</name>
		<pose>Unspecified</pose>
		<truncated>0</truncated>
		<difficult>0</difficult>
		<occluded>0</occluded>
		<bndbox>
			<xmin>297</xmin>
			<xmax>304</xmax>
			<ymin>228</ymin>
			<ymax>249</ymax>
		</bndbox>
	</object>
	<object>
		<name>Traffic-light</name>
		<pose>Unspecified</pose>
		<truncated>0</truncated>
		<difficult>0</difficult>
		<occluded>0</occluded>
		<bndbox>
			<xmin>348</xmin>
			<xmax>353</xmax>
			<ymin>229</ymin>
			<ymax>243</ymax>
		</bndbox>
	</object>
	<object>
		<name>Traffic-light</name>
		<pose>Unspecified</pose>
		<truncated>0</truncated>
		<difficult>0</difficult>
		<occluded>0</occluded>
		<bndbox>
			<xmin>391</xmin>
			<xmax>398</xmax>
			<ymin>217</ymin>
			<ymax>235</ymax>
		</bndbox>
	</object>
	<object>
		<name>Traffic-light</name>
		<pose>Unspecified</pose>
		<truncated>0</truncated>
		<difficult>0</difficult>
		<occluded>0</occluded>
		<bndbox>
			<xmin>397</xmin>
			<xmax>403</xmax>
			<ymin>214</ymin>
			<ymax>227</ymax>
		</bndbox>
	</object>
</annotation>
