<annotation>
	<folder></folder>
	<filename>898bc3e44b5bb568_jpg.rf.8d8a01c6b2efc9c4596e4fc0139e744b.jpg</filename>
	<path>898bc3e44b5bb568_jpg.rf.8d8a01c6b2efc9c4596e4fc0139e744b.jpg</path>
	<source>
		<database>roboflow.ai</database>
	</source>
	<size>
		<width>416</width>
		<height>416</height>
		<depth>3</depth>
	</size>
	<segmented>0</segmented>
	<object>
		<name>Traffic-light</name>
		<pose>Unspecified</pose>
		<truncated>0</truncated>
		<difficult>0</difficult>
		<occluded>0</occluded>
		<bndbox>
			<xmin>318</xmin>
			<xmax>326</xmax>
			<ymin>290</ymin>
			<ymax>310</ymax>
		</bndbox>
	</object>
	<object>
		<name>Traffic-light</name>
		<pose>Unspecified</pose>
		<truncated>0</truncated>
		<difficult>0</difficult>
		<occluded>0</occluded>
		<bndbox>
			<xmin>367</xmin>
			<xmax>373</xmax>
			<ymin>288</ymin>
			<ymax>301</ymax>
		</bndbox>
	</object>
	<object>
		<name>Traffic-light</name>
		<pose>Unspecified</pose>
		<truncated>0</truncated>
		<difficult>0</difficult>
		<occluded>0</occluded>
		<bndbox>
			<xmin>408</xmin>
			<xmax>416</xmax>
			<ymin>272</ymin>
			<ymax>290</ymax>
		</bndbox>
	</object>
	<object>
		<name>Traffic-light</name>
		<pose>Unspecified</pose>
		<truncated>0</truncated>
		<difficult>0</difficult>
		<occluded>0</occluded>
		<bndbox>
			<xmin>415</xmin>
			<xmax>417</xmax>
			<ymin>268</ymin>
			<ymax>281</ymax>
		</bndbox>
	</object>
</annotation>
