<annotation>
	<folder></folder>
	<filename>8a8ce86d379f8419_jpg.rf.f3e84b85c9cfbbaa081609cc34544731.jpg</filename>
	<path>8a8ce86d379f8419_jpg.rf.f3e84b85c9cfbbaa081609cc34544731.jpg</path>
	<source>
		<database>roboflow.ai</database>
	</source>
	<size>
		<width>416</width>
		<height>416</height>
		<depth>3</depth>
	</size>
	<segmented>0</segmented>
	<object>
		<name>Traffic-light</name>
		<pose>Unspecified</pose>
		<truncated>0</truncated>
		<difficult>0</difficult>
		<occluded>0</occluded>
		<bndbox>
			<xmin>78</xmin>
			<xmax>90</xmax>
			<ymin>169</ymin>
			<ymax>185</ymax>
		</bndbox>
	</object>
	<object>
		<name>Traffic-light</name>
		<pose>Unspecified</pose>
		<truncated>0</truncated>
		<difficult>0</difficult>
		<occluded>0</occluded>
		<bndbox>
			<xmin>136</xmin>
			<xmax>140</xmax>
			<ymin>163</ymin>
			<ymax>176</ymax>
		</bndbox>
	</object>
	<object>
		<name>Traffic-light</name>
		<pose>Unspecified</pose>
		<truncated>0</truncated>
		<difficult>0</difficult>
		<occluded>0</occluded>
		<bndbox>
			<xmin>214</xmin>
			<xmax>219</xmax>
			<ymin>131</ymin>
			<ymax>146</ymax>
		</bndbox>
	</object>
	<object>
		<name>Traffic-light</name>
		<pose>Unspecified</pose>
		<truncated>0</truncated>
		<difficult>0</difficult>
		<occluded>0</occluded>
		<bndbox>
			<xmin>358</xmin>
			<xmax>363</xmax>
			<ymin>162</ymin>
			<ymax>169</ymax>
		</bndbox>
	</object>
</annotation>
