<annotation>
	<folder></folder>
	<filename>8a8ce86d379f8419_jpg.rf.47e3e5c2137ee23ce578d7d4dd3a3124.jpg</filename>
	<path>8a8ce86d379f8419_jpg.rf.47e3e5c2137ee23ce578d7d4dd3a3124.jpg</path>
	<source>
		<database>roboflow.ai</database>
	</source>
	<size>
		<width>416</width>
		<height>416</height>
		<depth>3</depth>
	</size>
	<segmented>0</segmented>
	<object>
		<name>Traffic-light</name>
		<pose>Unspecified</pose>
		<truncated>0</truncated>
		<difficult>0</difficult>
		<occluded>0</occluded>
		<bndbox>
			<xmin>90</xmin>
			<xmax>105</xmax>
			<ymin>168</ymin>
			<ymax>186</ymax>
		</bndbox>
	</object>
	<object>
		<name>Traffic-light</name>
		<pose>Unspecified</pose>
		<truncated>0</truncated>
		<difficult>0</difficult>
		<occluded>0</occluded>
		<bndbox>
			<xmin>150</xmin>
			<xmax>156</xmax>
			<ymin>155</ymin>
			<ymax>169</ymax>
		</bndbox>
	</object>
	<object>
		<name>Traffic-light</name>
		<pose>Unspecified</pose>
		<truncated>0</truncated>
		<difficult>0</difficult>
		<occluded>0</occluded>
		<bndbox>
			<xmin>228</xmin>
			<xmax>235</xmax>
			<ymin>109</ymin>
			<ymax>125</ymax>
		</bndbox>
	</object>
	<object>
		<name>Traffic-light</name>
		<pose>Unspecified</pose>
		<truncated>0</truncated>
		<difficult>0</difficult>
		<occluded>0</occluded>
		<bndbox>
			<xmin>385</xmin>
			<xmax>391</xmax>
			<ymin>120</ymin>
			<ymax>128</ymax>
		</bndbox>
	</object>
</annotation>
