<annotation>
	<folder></folder>
	<filename>8a9442dc55985845_jpg.rf.faee654f686774e7674efc067de1419d.jpg</filename>
	<path>8a9442dc55985845_jpg.rf.faee654f686774e7674efc067de1419d.jpg</path>
	<source>
		<database>roboflow.ai</database>
	</source>
	<size>
		<width>416</width>
		<height>416</height>
		<depth>3</depth>
	</size>
	<segmented>0</segmented>
	<object>
		<name>Traffic-light</name>
		<pose>Unspecified</pose>
		<truncated>0</truncated>
		<difficult>0</difficult>
		<occluded>0</occluded>
		<bndbox>
			<xmin>294</xmin>
			<xmax>304</xmax>
			<ymin>236</ymin>
			<ymax>250</ymax>
		</bndbox>
	</object>
</annotation>
