<annotation>
	<folder></folder>
	<filename>8a9442dc55985845_jpg.rf.b48fe3e0cc59c0481223281d26ac77dd.jpg</filename>
	<path>8a9442dc55985845_jpg.rf.b48fe3e0cc59c0481223281d26ac77dd.jpg</path>
	<source>
		<database>roboflow.ai</database>
	</source>
	<size>
		<width>416</width>
		<height>416</height>
		<depth>3</depth>
	</size>
	<segmented>0</segmented>
	<object>
		<name>Traffic-light</name>
		<pose>Unspecified</pose>
		<truncated>0</truncated>
		<difficult>0</difficult>
		<occluded>0</occluded>
		<bndbox>
			<xmin>281</xmin>
			<xmax>290</xmax>
			<ymin>215</ymin>
			<ymax>228</ymax>
		</bndbox>
	</object>
</annotation>
