<annotation>
	<folder></folder>
	<filename>8b1f22002ab794d5_jpg.rf.ea3ecc2796dea19cd4882fbc29bf65d8.jpg</filename>
	<path>8b1f22002ab794d5_jpg.rf.ea3ecc2796dea19cd4882fbc29bf65d8.jpg</path>
	<source>
		<database>roboflow.ai</database>
	</source>
	<size>
		<width>416</width>
		<height>416</height>
		<depth>3</depth>
	</size>
	<segmented>0</segmented>
	<object>
		<name>Traffic-light</name>
		<pose>Unspecified</pose>
		<truncated>0</truncated>
		<difficult>0</difficult>
		<occluded>0</occluded>
		<bndbox>
			<xmin>177</xmin>
			<xmax>205</xmax>
			<ymin>111</ymin>
			<ymax>167</ymax>
		</bndbox>
	</object>
</annotation>
