<annotation>
	<folder></folder>
	<filename>8b1f22002ab794d5_jpg.rf.f2bdd0beaf0b465b7694deea60147d12.jpg</filename>
	<path>8b1f22002ab794d5_jpg.rf.f2bdd0beaf0b465b7694deea60147d12.jpg</path>
	<source>
		<database>roboflow.ai</database>
	</source>
	<size>
		<width>416</width>
		<height>416</height>
		<depth>3</depth>
	</size>
	<segmented>0</segmented>
	<object>
		<name>Traffic-light</name>
		<pose>Unspecified</pose>
		<truncated>0</truncated>
		<difficult>0</difficult>
		<occluded>0</occluded>
		<bndbox>
			<xmin>185</xmin>
			<xmax>211</xmax>
			<ymin>109</ymin>
			<ymax>169</ymax>
		</bndbox>
	</object>
</annotation>
