<annotation>
	<folder></folder>
	<filename>8bb8e95914478e95_jpg.rf.12fe1d77dfe1ccf12935b1318054c793.jpg</filename>
	<path>8bb8e95914478e95_jpg.rf.12fe1d77dfe1ccf12935b1318054c793.jpg</path>
	<source>
		<database>roboflow.ai</database>
	</source>
	<size>
		<width>416</width>
		<height>416</height>
		<depth>3</depth>
	</size>
	<segmented>0</segmented>
	<object>
		<name>Traffic-light</name>
		<pose>Unspecified</pose>
		<truncated>0</truncated>
		<difficult>0</difficult>
		<occluded>0</occluded>
		<bndbox>
			<xmin>157</xmin>
			<xmax>395</xmax>
			<ymin>1</ymin>
			<ymax>417</ymax>
		</bndbox>
	</object>
</annotation>
