<annotation>
	<folder></folder>
	<filename>8bc7cfee45dfb672_jpg.rf.9f9285403957d64338ce42d32d886d1b.jpg</filename>
	<path>8bc7cfee45dfb672_jpg.rf.9f9285403957d64338ce42d32d886d1b.jpg</path>
	<source>
		<database>roboflow.ai</database>
	</source>
	<size>
		<width>416</width>
		<height>416</height>
		<depth>3</depth>
	</size>
	<segmented>0</segmented>
	<object>
		<name>Traffic-light</name>
		<pose>Unspecified</pose>
		<truncated>0</truncated>
		<difficult>0</difficult>
		<occluded>0</occluded>
		<bndbox>
			<xmin>270</xmin>
			<xmax>276</xmax>
			<ymin>304</ymin>
			<ymax>317</ymax>
		</bndbox>
	</object>
	<object>
		<name>Traffic-light</name>
		<pose>Unspecified</pose>
		<truncated>0</truncated>
		<difficult>0</difficult>
		<occluded>0</occluded>
		<bndbox>
			<xmin>303</xmin>
			<xmax>309</xmax>
			<ymin>309</ymin>
			<ymax>319</ymax>
		</bndbox>
	</object>
	<object>
		<name>Traffic-light</name>
		<pose>Unspecified</pose>
		<truncated>0</truncated>
		<difficult>0</difficult>
		<occluded>0</occluded>
		<bndbox>
			<xmin>354</xmin>
			<xmax>362</xmax>
			<ymin>314</ymin>
			<ymax>329</ymax>
		</bndbox>
	</object>
</annotation>
