<annotation>
	<folder></folder>
	<filename>8bc7cfee45dfb672_jpg.rf.e7b04a6b788d9fa89c8cf9adfb2e5b98.jpg</filename>
	<path>8bc7cfee45dfb672_jpg.rf.e7b04a6b788d9fa89c8cf9adfb2e5b98.jpg</path>
	<source>
		<database>roboflow.ai</database>
	</source>
	<size>
		<width>416</width>
		<height>416</height>
		<depth>3</depth>
	</size>
	<segmented>0</segmented>
	<object>
		<name>Traffic-light</name>
		<pose>Unspecified</pose>
		<truncated>0</truncated>
		<difficult>0</difficult>
		<occluded>0</occluded>
		<bndbox>
			<xmin>297</xmin>
			<xmax>301</xmax>
			<ymin>290</ymin>
			<ymax>303</ymax>
		</bndbox>
	</object>
	<object>
		<name>Traffic-light</name>
		<pose>Unspecified</pose>
		<truncated>0</truncated>
		<difficult>0</difficult>
		<occluded>0</occluded>
		<bndbox>
			<xmin>329</xmin>
			<xmax>333</xmax>
			<ymin>287</ymin>
			<ymax>297</ymax>
		</bndbox>
	</object>
	<object>
		<name>Traffic-light</name>
		<pose>Unspecified</pose>
		<truncated>0</truncated>
		<difficult>0</difficult>
		<occluded>0</occluded>
		<bndbox>
			<xmin>380</xmin>
			<xmax>387</xmax>
			<ymin>281</ymin>
			<ymax>296</ymax>
		</bndbox>
	</object>
</annotation>
