<annotation>
	<folder></folder>
	<filename>8bcf5e7899c29ba5_jpg.rf.12efdbadd73f92225dd7ec787a646464.jpg</filename>
	<path>8bcf5e7899c29ba5_jpg.rf.12efdbadd73f92225dd7ec787a646464.jpg</path>
	<source>
		<database>roboflow.ai</database>
	</source>
	<size>
		<width>416</width>
		<height>416</height>
		<depth>3</depth>
	</size>
	<segmented>0</segmented>
	<object>
		<name>Traffic-light</name>
		<pose>Unspecified</pose>
		<truncated>0</truncated>
		<difficult>0</difficult>
		<occluded>0</occluded>
		<bndbox>
			<xmin>210</xmin>
			<xmax>226</xmax>
			<ymin>359</ymin>
			<ymax>389</ymax>
		</bndbox>
	</object>
</annotation>
