<annotation>
	<folder></folder>
	<filename>8bcf5e7899c29ba5_jpg.rf.af7c163290f0ab61352e093ba8d4a3bc.jpg</filename>
	<path>8bcf5e7899c29ba5_jpg.rf.af7c163290f0ab61352e093ba8d4a3bc.jpg</path>
	<source>
		<database>roboflow.ai</database>
	</source>
	<size>
		<width>416</width>
		<height>416</height>
		<depth>3</depth>
	</size>
	<segmented>0</segmented>
	<object>
		<name>Traffic-light</name>
		<pose>Unspecified</pose>
		<truncated>0</truncated>
		<difficult>0</difficult>
		<occluded>0</occluded>
		<bndbox>
			<xmin>286</xmin>
			<xmax>304</xmax>
			<ymin>355</ymin>
			<ymax>387</ymax>
		</bndbox>
	</object>
</annotation>
