<annotation>
	<folder></folder>
	<filename>8cf7ecb65e880473_jpg.rf.f6bebdf87afcb3dfd8f891a4614dc2a5.jpg</filename>
	<path>8cf7ecb65e880473_jpg.rf.f6bebdf87afcb3dfd8f891a4614dc2a5.jpg</path>
	<source>
		<database>roboflow.ai</database>
	</source>
	<size>
		<width>416</width>
		<height>416</height>
		<depth>3</depth>
	</size>
	<segmented>0</segmented>
	<object>
		<name>Traffic-light</name>
		<pose>Unspecified</pose>
		<truncated>0</truncated>
		<difficult>0</difficult>
		<occluded>0</occluded>
		<bndbox>
			<xmin>50</xmin>
			<xmax>61</xmax>
			<ymin>94</ymin>
			<ymax>115</ymax>
		</bndbox>
	</object>
	<object>
		<name>Traffic-light</name>
		<pose>Unspecified</pose>
		<truncated>0</truncated>
		<difficult>0</difficult>
		<occluded>0</occluded>
		<bndbox>
			<xmin>65</xmin>
			<xmax>82</xmax>
			<ymin>15</ymin>
			<ymax>51</ymax>
		</bndbox>
	</object>
	<object>
		<name>Traffic-light</name>
		<pose>Unspecified</pose>
		<truncated>0</truncated>
		<difficult>0</difficult>
		<occluded>0</occluded>
		<bndbox>
			<xmin>369</xmin>
			<xmax>384</xmax>
			<ymin>314</ymin>
			<ymax>337</ymax>
		</bndbox>
	</object>
</annotation>
