<annotation>
	<folder></folder>
	<filename>8d6db65408fb1b84_jpg.rf.7a612b8cae62aacb91401151fc99501c.jpg</filename>
	<path>8d6db65408fb1b84_jpg.rf.7a612b8cae62aacb91401151fc99501c.jpg</path>
	<source>
		<database>roboflow.ai</database>
	</source>
	<size>
		<width>416</width>
		<height>416</height>
		<depth>3</depth>
	</size>
	<segmented>0</segmented>
	<object>
		<name>Traffic-light</name>
		<pose>Unspecified</pose>
		<truncated>0</truncated>
		<difficult>0</difficult>
		<occluded>0</occluded>
		<bndbox>
			<xmin>158</xmin>
			<xmax>268</xmax>
			<ymin>47</ymin>
			<ymax>319</ymax>
		</bndbox>
	</object>
</annotation>
