<annotation>
	<folder></folder>
	<filename>8d6db65408fb1b84_jpg.rf.297cbdde3c69de35f019e0b3fc053f2f.jpg</filename>
	<path>8d6db65408fb1b84_jpg.rf.297cbdde3c69de35f019e0b3fc053f2f.jpg</path>
	<source>
		<database>roboflow.ai</database>
	</source>
	<size>
		<width>416</width>
		<height>416</height>
		<depth>3</depth>
	</size>
	<segmented>0</segmented>
	<object>
		<name>Traffic-light</name>
		<pose>Unspecified</pose>
		<truncated>0</truncated>
		<difficult>0</difficult>
		<occluded>0</occluded>
		<bndbox>
			<xmin>122</xmin>
			<xmax>269</xmax>
			<ymin>51</ymin>
			<ymax>328</ymax>
		</bndbox>
	</object>
</annotation>
