<annotation>
	<folder></folder>
	<filename>8e27f451a913279e_jpg.rf.fbdb7a96339f3e737c9a655ab2c8f44a.jpg</filename>
	<path>8e27f451a913279e_jpg.rf.fbdb7a96339f3e737c9a655ab2c8f44a.jpg</path>
	<source>
		<database>roboflow.ai</database>
	</source>
	<size>
		<width>416</width>
		<height>416</height>
		<depth>3</depth>
	</size>
	<segmented>0</segmented>
	<object>
		<name>Traffic-light</name>
		<pose>Unspecified</pose>
		<truncated>0</truncated>
		<difficult>0</difficult>
		<occluded>0</occluded>
		<bndbox>
			<xmin>58</xmin>
			<xmax>81</xmax>
			<ymin>55</ymin>
			<ymax>130</ymax>
		</bndbox>
	</object>
	<object>
		<name>Traffic-light</name>
		<pose>Unspecified</pose>
		<truncated>0</truncated>
		<difficult>0</difficult>
		<occluded>0</occluded>
		<bndbox>
			<xmin>201</xmin>
			<xmax>224</xmax>
			<ymin>42</ymin>
			<ymax>119</ymax>
		</bndbox>
	</object>
	<object>
		<name>Traffic-light</name>
		<pose>Unspecified</pose>
		<truncated>0</truncated>
		<difficult>0</difficult>
		<occluded>0</occluded>
		<bndbox>
			<xmin>397</xmin>
			<xmax>417</xmax>
			<ymin>14</ymin>
			<ymax>77</ymax>
		</bndbox>
	</object>
</annotation>
