<annotation>
	<folder></folder>
	<filename>8e27f451a913279e_jpg.rf.842900ed2552173d5cb515dd57a734bd.jpg</filename>
	<path>8e27f451a913279e_jpg.rf.842900ed2552173d5cb515dd57a734bd.jpg</path>
	<source>
		<database>roboflow.ai</database>
	</source>
	<size>
		<width>416</width>
		<height>416</height>
		<depth>3</depth>
	</size>
	<segmented>0</segmented>
	<object>
		<name>Traffic-light</name>
		<pose>Unspecified</pose>
		<truncated>0</truncated>
		<difficult>0</difficult>
		<occluded>0</occluded>
		<bndbox>
			<xmin>65</xmin>
			<xmax>92</xmax>
			<ymin>61</ymin>
			<ymax>127</ymax>
		</bndbox>
	</object>
	<object>
		<name>Traffic-light</name>
		<pose>Unspecified</pose>
		<truncated>0</truncated>
		<difficult>0</difficult>
		<occluded>0</occluded>
		<bndbox>
			<xmin>190</xmin>
			<xmax>217</xmax>
			<ymin>63</ymin>
			<ymax>131</ymax>
		</bndbox>
	</object>
	<object>
		<name>Traffic-light</name>
		<pose>Unspecified</pose>
		<truncated>0</truncated>
		<difficult>0</difficult>
		<occluded>0</occluded>
		<bndbox>
			<xmin>366</xmin>
			<xmax>402</xmax>
			<ymin>34</ymin>
			<ymax>113</ymax>
		</bndbox>
	</object>
</annotation>
