<annotation>
	<folder></folder>
	<filename>9317d430ee32e84c_jpg.rf.7bc1bbe9b19ede97d11fb0299a937249.jpg</filename>
	<path>9317d430ee32e84c_jpg.rf.7bc1bbe9b19ede97d11fb0299a937249.jpg</path>
	<source>
		<database>roboflow.ai</database>
	</source>
	<size>
		<width>416</width>
		<height>416</height>
		<depth>3</depth>
	</size>
	<segmented>0</segmented>
	<object>
		<name>Traffic-light</name>
		<pose>Unspecified</pose>
		<truncated>0</truncated>
		<difficult>0</difficult>
		<occluded>0</occluded>
		<bndbox>
			<xmin>179</xmin>
			<xmax>197</xmax>
			<ymin>116</ymin>
			<ymax>150</ymax>
		</bndbox>
	</object>
	<object>
		<name>Traffic-light</name>
		<pose>Unspecified</pose>
		<truncated>0</truncated>
		<difficult>0</difficult>
		<occluded>0</occluded>
		<bndbox>
			<xmin>198</xmin>
			<xmax>219</xmax>
			<ymin>119</ymin>
			<ymax>141</ymax>
		</bndbox>
	</object>
</annotation>
