<annotation>
	<folder></folder>
	<filename>9317d430ee32e84c_jpg.rf.94736f4522e7130ca661e0534b3d09dd.jpg</filename>
	<path>9317d430ee32e84c_jpg.rf.94736f4522e7130ca661e0534b3d09dd.jpg</path>
	<source>
		<database>roboflow.ai</database>
	</source>
	<size>
		<width>416</width>
		<height>416</height>
		<depth>3</depth>
	</size>
	<segmented>0</segmented>
	<object>
		<name>Traffic-light</name>
		<pose>Unspecified</pose>
		<truncated>0</truncated>
		<difficult>0</difficult>
		<occluded>0</occluded>
		<bndbox>
			<xmin>165</xmin>
			<xmax>177</xmax>
			<ymin>138</ymin>
			<ymax>168</ymax>
		</bndbox>
	</object>
	<object>
		<name>Traffic-light</name>
		<pose>Unspecified</pose>
		<truncated>0</truncated>
		<difficult>0</difficult>
		<occluded>0</occluded>
		<bndbox>
			<xmin>181</xmin>
			<xmax>198</xmax>
			<ymin>138</ymin>
			<ymax>156</ymax>
		</bndbox>
	</object>
</annotation>
