<annotation>
	<folder></folder>
	<filename>942126629fb61928_jpg.rf.946c4a7014d83c232dcaabedc482b604.jpg</filename>
	<path>942126629fb61928_jpg.rf.946c4a7014d83c232dcaabedc482b604.jpg</path>
	<source>
		<database>roboflow.ai</database>
	</source>
	<size>
		<width>416</width>
		<height>416</height>
		<depth>3</depth>
	</size>
	<segmented>0</segmented>
	<object>
		<name>Traffic-light</name>
		<pose>Unspecified</pose>
		<truncated>0</truncated>
		<difficult>0</difficult>
		<occluded>0</occluded>
		<bndbox>
			<xmin>291</xmin>
			<xmax>298</xmax>
			<ymin>20</ymin>
			<ymax>53</ymax>
		</bndbox>
	</object>
	<object>
		<name>Traffic-light</name>
		<pose>Unspecified</pose>
		<truncated>0</truncated>
		<difficult>0</difficult>
		<occluded>0</occluded>
		<bndbox>
			<xmin>378</xmin>
			<xmax>383</xmax>
			<ymin>39</ymin>
			<ymax>53</ymax>
		</bndbox>
	</object>
</annotation>
