<annotation>
	<folder></folder>
	<filename>95fe706adec94c97_jpg.rf.d5e16467808ee946c28fa69de6cecfdc.jpg</filename>
	<path>95fe706adec94c97_jpg.rf.d5e16467808ee946c28fa69de6cecfdc.jpg</path>
	<source>
		<database>roboflow.ai</database>
	</source>
	<size>
		<width>416</width>
		<height>416</height>
		<depth>3</depth>
	</size>
	<segmented>0</segmented>
	<object>
		<name>Traffic-light</name>
		<pose>Unspecified</pose>
		<truncated>0</truncated>
		<difficult>0</difficult>
		<occluded>0</occluded>
		<bndbox>
			<xmin>325</xmin>
			<xmax>374</xmax>
			<ymin>1</ymin>
			<ymax>24</ymax>
		</bndbox>
	</object>
</annotation>
