<annotation>
	<folder></folder>
	<filename>96413b9c71a28d43_jpg.rf.5619ed3fcd9d8777ca689302b3dc6524.jpg</filename>
	<path>96413b9c71a28d43_jpg.rf.5619ed3fcd9d8777ca689302b3dc6524.jpg</path>
	<source>
		<database>roboflow.ai</database>
	</source>
	<size>
		<width>416</width>
		<height>416</height>
		<depth>3</depth>
	</size>
	<segmented>0</segmented>
	<object>
		<name>Traffic-light</name>
		<pose>Unspecified</pose>
		<truncated>0</truncated>
		<difficult>0</difficult>
		<occluded>0</occluded>
		<bndbox>
			<xmin>1</xmin>
			<xmax>2</xmax>
			<ymin>127</ymin>
			<ymax>166</ymax>
		</bndbox>
	</object>
	<object>
		<name>Traffic-light</name>
		<pose>Unspecified</pose>
		<truncated>0</truncated>
		<difficult>0</difficult>
		<occluded>0</occluded>
		<bndbox>
			<xmin>214</xmin>
			<xmax>224</xmax>
			<ymin>150</ymin>
			<ymax>180</ymax>
		</bndbox>
	</object>
	<object>
		<name>Traffic-light</name>
		<pose>Unspecified</pose>
		<truncated>0</truncated>
		<difficult>0</difficult>
		<occluded>0</occluded>
		<bndbox>
			<xmin>263</xmin>
			<xmax>275</xmax>
			<ymin>144</ymin>
			<ymax>174</ymax>
		</bndbox>
	</object>
</annotation>
