<annotation>
	<folder></folder>
	<filename>9689384e6be6b968_jpg.rf.bf64a41e8cc50ef2ef0e0f4756fcf87d.jpg</filename>
	<path>9689384e6be6b968_jpg.rf.bf64a41e8cc50ef2ef0e0f4756fcf87d.jpg</path>
	<source>
		<database>roboflow.ai</database>
	</source>
	<size>
		<width>416</width>
		<height>416</height>
		<depth>3</depth>
	</size>
	<segmented>0</segmented>
	<object>
		<name>Traffic-light</name>
		<pose>Unspecified</pose>
		<truncated>0</truncated>
		<difficult>0</difficult>
		<occluded>0</occluded>
		<bndbox>
			<xmin>37</xmin>
			<xmax>47</xmax>
			<ymin>222</ymin>
			<ymax>263</ymax>
		</bndbox>
	</object>
	<object>
		<name>Traffic-light</name>
		<pose>Unspecified</pose>
		<truncated>0</truncated>
		<difficult>0</difficult>
		<occluded>0</occluded>
		<bndbox>
			<xmin>270</xmin>
			<xmax>273</xmax>
			<ymin>272</ymin>
			<ymax>280</ymax>
		</bndbox>
	</object>
	<object>
		<name>Traffic-light</name>
		<pose>Unspecified</pose>
		<truncated>0</truncated>
		<difficult>0</difficult>
		<occluded>0</occluded>
		<bndbox>
			<xmin>274</xmin>
			<xmax>276</xmax>
			<ymin>276</ymin>
			<ymax>284</ymax>
		</bndbox>
	</object>
	<object>
		<name>Traffic-light</name>
		<pose>Unspecified</pose>
		<truncated>0</truncated>
		<difficult>0</difficult>
		<occluded>0</occluded>
		<bndbox>
			<xmin>347</xmin>
			<xmax>349</xmax>
			<ymin>282</ymin>
			<ymax>293</ymax>
		</bndbox>
	</object>
</annotation>
