<annotation>
	<folder></folder>
	<filename>96af2882080aa203_jpg.rf.076f24a738386208e3ef7a24c2ca5b8e.jpg</filename>
	<path>96af2882080aa203_jpg.rf.076f24a738386208e3ef7a24c2ca5b8e.jpg</path>
	<source>
		<database>roboflow.ai</database>
	</source>
	<size>
		<width>416</width>
		<height>416</height>
		<depth>3</depth>
	</size>
	<segmented>0</segmented>
	<object>
		<name>Traffic-light</name>
		<pose>Unspecified</pose>
		<truncated>0</truncated>
		<difficult>0</difficult>
		<occluded>0</occluded>
		<bndbox>
			<xmin>1</xmin>
			<xmax>396</xmax>
			<ymin>1</ymin>
			<ymax>417</ymax>
		</bndbox>
	</object>
</annotation>
