<annotation>
	<folder></folder>
	<filename>96af2882080aa203_jpg.rf.135beeaf6562024b0e178eb0aa681741.jpg</filename>
	<path>96af2882080aa203_jpg.rf.135beeaf6562024b0e178eb0aa681741.jpg</path>
	<source>
		<database>roboflow.ai</database>
	</source>
	<size>
		<width>416</width>
		<height>416</height>
		<depth>3</depth>
	</size>
	<segmented>0</segmented>
	<object>
		<name>Traffic-light</name>
		<pose>Unspecified</pose>
		<truncated>0</truncated>
		<difficult>0</difficult>
		<occluded>0</occluded>
		<bndbox>
			<xmin>1</xmin>
			<xmax>367</xmax>
			<ymin>1</ymin>
			<ymax>398</ymax>
		</bndbox>
	</object>
</annotation>
