<annotation>
	<folder></folder>
	<filename>973835d8349f9261_jpg.rf.8bd02a95113c53f11ecfe3837803f50c.jpg</filename>
	<path>973835d8349f9261_jpg.rf.8bd02a95113c53f11ecfe3837803f50c.jpg</path>
	<source>
		<database>roboflow.ai</database>
	</source>
	<size>
		<width>416</width>
		<height>416</height>
		<depth>3</depth>
	</size>
	<segmented>0</segmented>
	<object>
		<name>Traffic-light</name>
		<pose>Unspecified</pose>
		<truncated>0</truncated>
		<difficult>0</difficult>
		<occluded>0</occluded>
		<bndbox>
			<xmin>169</xmin>
			<xmax>183</xmax>
			<ymin>91</ymin>
			<ymax>129</ymax>
		</bndbox>
	</object>
	<object>
		<name>Traffic-light</name>
		<pose>Unspecified</pose>
		<truncated>0</truncated>
		<difficult>0</difficult>
		<occluded>0</occluded>
		<bndbox>
			<xmin>231</xmin>
			<xmax>237</xmax>
			<ymin>225</ymin>
			<ymax>241</ymax>
		</bndbox>
	</object>
	<object>
		<name>Traffic-light</name>
		<pose>Unspecified</pose>
		<truncated>0</truncated>
		<difficult>0</difficult>
		<occluded>0</occluded>
		<bndbox>
			<xmin>312</xmin>
			<xmax>326</xmax>
			<ymin>64</ymin>
			<ymax>104</ymax>
		</bndbox>
	</object>
	<object>
		<name>Traffic-light</name>
		<pose>Unspecified</pose>
		<truncated>0</truncated>
		<difficult>0</difficult>
		<occluded>0</occluded>
		<bndbox>
			<xmin>339</xmin>
			<xmax>353</xmax>
			<ymin>195</ymin>
			<ymax>215</ymax>
		</bndbox>
	</object>
</annotation>
