<annotation>
	<folder></folder>
	<filename>9a1ceab143527501_jpg.rf.36be9cd6f1170da3fecdce9859b38bf5.jpg</filename>
	<path>9a1ceab143527501_jpg.rf.36be9cd6f1170da3fecdce9859b38bf5.jpg</path>
	<source>
		<database>roboflow.ai</database>
	</source>
	<size>
		<width>416</width>
		<height>416</height>
		<depth>3</depth>
	</size>
	<segmented>0</segmented>
	<object>
		<name>Traffic-light</name>
		<pose>Unspecified</pose>
		<truncated>0</truncated>
		<difficult>0</difficult>
		<occluded>0</occluded>
		<bndbox>
			<xmin>72</xmin>
			<xmax>175</xmax>
			<ymin>97</ymin>
			<ymax>409</ymax>
		</bndbox>
	</object>
	<object>
		<name>Traffic-light</name>
		<pose>Unspecified</pose>
		<truncated>0</truncated>
		<difficult>0</difficult>
		<occluded>0</occluded>
		<bndbox>
			<xmin>158</xmin>
			<xmax>238</xmax>
			<ymin>73</ymin>
			<ymax>298</ymax>
		</bndbox>
	</object>
</annotation>
