<annotation>
	<folder></folder>
	<filename>9a1ceab143527501_jpg.rf.f5d32c63ae77308fd1393d111a45280c.jpg</filename>
	<path>9a1ceab143527501_jpg.rf.f5d32c63ae77308fd1393d111a45280c.jpg</path>
	<source>
		<database>roboflow.ai</database>
	</source>
	<size>
		<width>416</width>
		<height>416</height>
		<depth>3</depth>
	</size>
	<segmented>0</segmented>
	<object>
		<name>Traffic-light</name>
		<pose>Unspecified</pose>
		<truncated>0</truncated>
		<difficult>0</difficult>
		<occluded>0</occluded>
		<bndbox>
			<xmin>82</xmin>
			<xmax>178</xmax>
			<ymin>97</ymin>
			<ymax>405</ymax>
		</bndbox>
	</object>
	<object>
		<name>Traffic-light</name>
		<pose>Unspecified</pose>
		<truncated>0</truncated>
		<difficult>0</difficult>
		<occluded>0</occluded>
		<bndbox>
			<xmin>167</xmin>
			<xmax>242</xmax>
			<ymin>74</ymin>
			<ymax>297</ymax>
		</bndbox>
	</object>
</annotation>
