<annotation>
	<folder></folder>
	<filename>9b9c44ce2024d80c_jpg.rf.760eb36ab5de46389cd858dde353f2d3.jpg</filename>
	<path>9b9c44ce2024d80c_jpg.rf.760eb36ab5de46389cd858dde353f2d3.jpg</path>
	<source>
		<database>roboflow.ai</database>
	</source>
	<size>
		<width>416</width>
		<height>416</height>
		<depth>3</depth>
	</size>
	<segmented>0</segmented>
	<object>
		<name>Traffic-light</name>
		<pose>Unspecified</pose>
		<truncated>0</truncated>
		<difficult>0</difficult>
		<occluded>0</occluded>
		<bndbox>
			<xmin>13</xmin>
			<xmax>35</xmax>
			<ymin>161</ymin>
			<ymax>202</ymax>
		</bndbox>
	</object>
	<object>
		<name>Traffic-light</name>
		<pose>Unspecified</pose>
		<truncated>0</truncated>
		<difficult>0</difficult>
		<occluded>0</occluded>
		<bndbox>
			<xmin>85</xmin>
			<xmax>104</xmax>
			<ymin>150</ymin>
			<ymax>186</ymax>
		</bndbox>
	</object>
	<object>
		<name>Traffic-light</name>
		<pose>Unspecified</pose>
		<truncated>0</truncated>
		<difficult>0</difficult>
		<occluded>0</occluded>
		<bndbox>
			<xmin>114</xmin>
			<xmax>135</xmax>
			<ymin>142</ymin>
			<ymax>181</ymax>
		</bndbox>
	</object>
	<object>
		<name>Traffic-light</name>
		<pose>Unspecified</pose>
		<truncated>0</truncated>
		<difficult>0</difficult>
		<occluded>0</occluded>
		<bndbox>
			<xmin>156</xmin>
			<xmax>175</xmax>
			<ymin>129</ymin>
			<ymax>168</ymax>
		</bndbox>
	</object>
</annotation>
