<annotation>
	<folder></folder>
	<filename>9b9c44ce2024d80c_jpg.rf.029846dcca349e5d9776634c713d7608.jpg</filename>
	<path>9b9c44ce2024d80c_jpg.rf.029846dcca349e5d9776634c713d7608.jpg</path>
	<source>
		<database>roboflow.ai</database>
	</source>
	<size>
		<width>416</width>
		<height>416</height>
		<depth>3</depth>
	</size>
	<segmented>0</segmented>
	<object>
		<name>Traffic-light</name>
		<pose>Unspecified</pose>
		<truncated>0</truncated>
		<difficult>0</difficult>
		<occluded>0</occluded>
		<bndbox>
			<xmin>36</xmin>
			<xmax>60</xmax>
			<ymin>104</ymin>
			<ymax>144</ymax>
		</bndbox>
	</object>
	<object>
		<name>Traffic-light</name>
		<pose>Unspecified</pose>
		<truncated>0</truncated>
		<difficult>0</difficult>
		<occluded>0</occluded>
		<bndbox>
			<xmin>107</xmin>
			<xmax>127</xmax>
			<ymin>119</ymin>
			<ymax>154</ymax>
		</bndbox>
	</object>
	<object>
		<name>Traffic-light</name>
		<pose>Unspecified</pose>
		<truncated>0</truncated>
		<difficult>0</difficult>
		<occluded>0</occluded>
		<bndbox>
			<xmin>135</xmin>
			<xmax>157</xmax>
			<ymin>122</ymin>
			<ymax>161</ymax>
		</bndbox>
	</object>
	<object>
		<name>Traffic-light</name>
		<pose>Unspecified</pose>
		<truncated>0</truncated>
		<difficult>0</difficult>
		<occluded>0</occluded>
		<bndbox>
			<xmin>177</xmin>
			<xmax>197</xmax>
			<ymin>125</ymin>
			<ymax>163</ymax>
		</bndbox>
	</object>
</annotation>
