<annotation>
	<folder></folder>
	<filename>9c7a4f793d3ed0cf_jpg.rf.6eb50a26b93c5a1fa7976773fbfe5a1e.jpg</filename>
	<path>9c7a4f793d3ed0cf_jpg.rf.6eb50a26b93c5a1fa7976773fbfe5a1e.jpg</path>
	<source>
		<database>roboflow.ai</database>
	</source>
	<size>
		<width>416</width>
		<height>416</height>
		<depth>3</depth>
	</size>
	<segmented>0</segmented>
	<object>
		<name>Traffic-light</name>
		<pose>Unspecified</pose>
		<truncated>0</truncated>
		<difficult>0</difficult>
		<occluded>0</occluded>
		<bndbox>
			<xmin>26</xmin>
			<xmax>37</xmax>
			<ymin>121</ymin>
			<ymax>141</ymax>
		</bndbox>
	</object>
	<object>
		<name>Traffic-light</name>
		<pose>Unspecified</pose>
		<truncated>0</truncated>
		<difficult>0</difficult>
		<occluded>0</occluded>
		<bndbox>
			<xmin>266</xmin>
			<xmax>276</xmax>
			<ymin>152</ymin>
			<ymax>177</ymax>
		</bndbox>
	</object>
	<object>
		<name>Traffic-light</name>
		<pose>Unspecified</pose>
		<truncated>0</truncated>
		<difficult>0</difficult>
		<occluded>0</occluded>
		<bndbox>
			<xmin>398</xmin>
			<xmax>417</xmax>
			<ymin>122</ymin>
			<ymax>168</ymax>
		</bndbox>
	</object>
</annotation>
