<annotation>
	<folder></folder>
	<filename>9c7a4f793d3ed0cf_jpg.rf.9117e6a1152b51cc5c9d5ea03392daa3.jpg</filename>
	<path>9c7a4f793d3ed0cf_jpg.rf.9117e6a1152b51cc5c9d5ea03392daa3.jpg</path>
	<source>
		<database>roboflow.ai</database>
	</source>
	<size>
		<width>416</width>
		<height>416</height>
		<depth>3</depth>
	</size>
	<segmented>0</segmented>
	<object>
		<name>Traffic-light</name>
		<pose>Unspecified</pose>
		<truncated>0</truncated>
		<difficult>0</difficult>
		<occluded>0</occluded>
		<bndbox>
			<xmin>23</xmin>
			<xmax>34</xmax>
			<ymin>125</ymin>
			<ymax>146</ymax>
		</bndbox>
	</object>
	<object>
		<name>Traffic-light</name>
		<pose>Unspecified</pose>
		<truncated>0</truncated>
		<difficult>0</difficult>
		<occluded>0</occluded>
		<bndbox>
			<xmin>287</xmin>
			<xmax>296</xmax>
			<ymin>117</ymin>
			<ymax>144</ymax>
		</bndbox>
	</object>
</annotation>
