<annotation>
	<folder></folder>
	<filename>9cd2a22fdbc05c48_jpg.rf.04fdff1eacabaa7a9eb825d721940f0c.jpg</filename>
	<path>9cd2a22fdbc05c48_jpg.rf.04fdff1eacabaa7a9eb825d721940f0c.jpg</path>
	<source>
		<database>roboflow.ai</database>
	</source>
	<size>
		<width>416</width>
		<height>416</height>
		<depth>3</depth>
	</size>
	<segmented>0</segmented>
	<object>
		<name>Traffic-light</name>
		<pose>Unspecified</pose>
		<truncated>0</truncated>
		<difficult>0</difficult>
		<occluded>0</occluded>
		<bndbox>
			<xmin>300</xmin>
			<xmax>317</xmax>
			<ymin>1</ymin>
			<ymax>50</ymax>
		</bndbox>
	</object>
</annotation>
