<annotation>
	<folder></folder>
	<filename>9cd2a22fdbc05c48_jpg.rf.dab4e62872ce5bf582b56f75db4d3a7e.jpg</filename>
	<path>9cd2a22fdbc05c48_jpg.rf.dab4e62872ce5bf582b56f75db4d3a7e.jpg</path>
	<source>
		<database>roboflow.ai</database>
	</source>
	<size>
		<width>416</width>
		<height>416</height>
		<depth>3</depth>
	</size>
	<segmented>0</segmented>
	<object>
		<name>Traffic-light</name>
		<pose>Unspecified</pose>
		<truncated>0</truncated>
		<difficult>0</difficult>
		<occluded>0</occluded>
		<bndbox>
			<xmin>282</xmin>
			<xmax>304</xmax>
			<ymin>1</ymin>
			<ymax>45</ymax>
		</bndbox>
	</object>
</annotation>
