<annotation>
	<folder></folder>
	<filename>9e943901acbaac4f_jpg.rf.ff6f75e6bcb6299b27a6eb408519b30b.jpg</filename>
	<path>9e943901acbaac4f_jpg.rf.ff6f75e6bcb6299b27a6eb408519b30b.jpg</path>
	<source>
		<database>roboflow.ai</database>
	</source>
	<size>
		<width>416</width>
		<height>416</height>
		<depth>3</depth>
	</size>
	<segmented>0</segmented>
	<object>
		<name>Traffic-light</name>
		<pose>Unspecified</pose>
		<truncated>0</truncated>
		<difficult>0</difficult>
		<occluded>0</occluded>
		<bndbox>
			<xmin>188</xmin>
			<xmax>208</xmax>
			<ymin>1</ymin>
			<ymax>30</ymax>
		</bndbox>
	</object>
	<object>
		<name>Traffic-light</name>
		<pose>Unspecified</pose>
		<truncated>0</truncated>
		<difficult>0</difficult>
		<occluded>0</occluded>
		<bndbox>
			<xmin>316</xmin>
			<xmax>336</xmax>
			<ymin>1</ymin>
			<ymax>28</ymax>
		</bndbox>
	</object>
</annotation>
