<annotation>
	<folder></folder>
	<filename>9e943901acbaac4f_jpg.rf.73c1236dd1cf80cbed24a4d3c07efff8.jpg</filename>
	<path>9e943901acbaac4f_jpg.rf.73c1236dd1cf80cbed24a4d3c07efff8.jpg</path>
	<source>
		<database>roboflow.ai</database>
	</source>
	<size>
		<width>416</width>
		<height>416</height>
		<depth>3</depth>
	</size>
	<segmented>0</segmented>
	<object>
		<name>Traffic-light</name>
		<pose>Unspecified</pose>
		<truncated>0</truncated>
		<difficult>0</difficult>
		<occluded>0</occluded>
		<bndbox>
			<xmin>157</xmin>
			<xmax>180</xmax>
			<ymin>4</ymin>
			<ymax>46</ymax>
		</bndbox>
	</object>
	<object>
		<name>Traffic-light</name>
		<pose>Unspecified</pose>
		<truncated>0</truncated>
		<difficult>0</difficult>
		<occluded>0</occluded>
		<bndbox>
			<xmin>274</xmin>
			<xmax>297</xmax>
			<ymin>1</ymin>
			<ymax>31</ymax>
		</bndbox>
	</object>
</annotation>
