<annotation>
	<folder></folder>
	<filename>a04d73ab62b851ea_jpg.rf.8367e7b287812cf0902ac5bf28f36b1c.jpg</filename>
	<path>a04d73ab62b851ea_jpg.rf.8367e7b287812cf0902ac5bf28f36b1c.jpg</path>
	<source>
		<database>roboflow.ai</database>
	</source>
	<size>
		<width>416</width>
		<height>416</height>
		<depth>3</depth>
	</size>
	<segmented>0</segmented>
	<object>
		<name>Traffic-light</name>
		<pose>Unspecified</pose>
		<truncated>0</truncated>
		<difficult>0</difficult>
		<occluded>0</occluded>
		<bndbox>
			<xmin>140</xmin>
			<xmax>198</xmax>
			<ymin>64</ymin>
			<ymax>106</ymax>
		</bndbox>
	</object>
</annotation>
