<annotation>
	<folder></folder>
	<filename>a04d73ab62b851ea_jpg.rf.741064ff8b78af229f010630a45a430b.jpg</filename>
	<path>a04d73ab62b851ea_jpg.rf.741064ff8b78af229f010630a45a430b.jpg</path>
	<source>
		<database>roboflow.ai</database>
	</source>
	<size>
		<width>416</width>
		<height>416</height>
		<depth>3</depth>
	</size>
	<segmented>0</segmented>
	<object>
		<name>Traffic-light</name>
		<pose>Unspecified</pose>
		<truncated>0</truncated>
		<difficult>0</difficult>
		<occluded>0</occluded>
		<bndbox>
			<xmin>114</xmin>
			<xmax>174</xmax>
			<ymin>66</ymin>
			<ymax>106</ymax>
		</bndbox>
	</object>
</annotation>
