<annotation>
	<folder></folder>
	<filename>a09f5856b3253297_jpg.rf.e5a36253bcf303407b45389c644d01fd.jpg</filename>
	<path>a09f5856b3253297_jpg.rf.e5a36253bcf303407b45389c644d01fd.jpg</path>
	<source>
		<database>roboflow.ai</database>
	</source>
	<size>
		<width>416</width>
		<height>416</height>
		<depth>3</depth>
	</size>
	<segmented>0</segmented>
	<object>
		<name>Traffic-light</name>
		<pose>Unspecified</pose>
		<truncated>0</truncated>
		<difficult>0</difficult>
		<occluded>0</occluded>
		<bndbox>
			<xmin>56</xmin>
			<xmax>61</xmax>
			<ymin>311</ymin>
			<ymax>315</ymax>
		</bndbox>
	</object>
	<object>
		<name>Traffic-light</name>
		<pose>Unspecified</pose>
		<truncated>0</truncated>
		<difficult>0</difficult>
		<occluded>0</occluded>
		<bndbox>
			<xmin>61</xmin>
			<xmax>66</xmax>
			<ymin>308</ymin>
			<ymax>314</ymax>
		</bndbox>
	</object>
	<object>
		<name>Traffic-light</name>
		<pose>Unspecified</pose>
		<truncated>0</truncated>
		<difficult>0</difficult>
		<occluded>0</occluded>
		<bndbox>
			<xmin>323</xmin>
			<xmax>340</xmax>
			<ymin>256</ymin>
			<ymax>284</ymax>
		</bndbox>
	</object>
	<object>
		<name>Traffic-light</name>
		<pose>Unspecified</pose>
		<truncated>0</truncated>
		<difficult>0</difficult>
		<occluded>0</occluded>
		<bndbox>
			<xmin>388</xmin>
			<xmax>412</xmax>
			<ymin>239</ymin>
			<ymax>270</ymax>
		</bndbox>
	</object>
</annotation>
