<annotation>
	<folder></folder>
	<filename>a3ad4f708c2363a2_jpg.rf.0cb2406c5ebc6178a054053bd8bbff86.jpg</filename>
	<path>a3ad4f708c2363a2_jpg.rf.0cb2406c5ebc6178a054053bd8bbff86.jpg</path>
	<source>
		<database>roboflow.ai</database>
	</source>
	<size>
		<width>416</width>
		<height>416</height>
		<depth>3</depth>
	</size>
	<segmented>0</segmented>
	<object>
		<name>Traffic-light</name>
		<pose>Unspecified</pose>
		<truncated>0</truncated>
		<difficult>0</difficult>
		<occluded>0</occluded>
		<bndbox>
			<xmin>123</xmin>
			<xmax>221</xmax>
			<ymin>279</ymin>
			<ymax>417</ymax>
		</bndbox>
	</object>
</annotation>
