<annotation>
	<folder></folder>
	<filename>a4926405e27aafb8_jpg.rf.51cba4ac659c0b1ad5702974a64cf077.jpg</filename>
	<path>a4926405e27aafb8_jpg.rf.51cba4ac659c0b1ad5702974a64cf077.jpg</path>
	<source>
		<database>roboflow.ai</database>
	</source>
	<size>
		<width>416</width>
		<height>416</height>
		<depth>3</depth>
	</size>
	<segmented>0</segmented>
	<object>
		<name>Traffic-light</name>
		<pose>Unspecified</pose>
		<truncated>0</truncated>
		<difficult>0</difficult>
		<occluded>0</occluded>
		<bndbox>
			<xmin>276</xmin>
			<xmax>291</xmax>
			<ymin>263</ymin>
			<ymax>276</ymax>
		</bndbox>
	</object>
	<object>
		<name>Traffic-light</name>
		<pose>Unspecified</pose>
		<truncated>0</truncated>
		<difficult>0</difficult>
		<occluded>0</occluded>
		<bndbox>
			<xmin>284</xmin>
			<xmax>334</xmax>
			<ymin>132</ymin>
			<ymax>205</ymax>
		</bndbox>
	</object>
</annotation>
