<annotation>
	<folder></folder>
	<filename>a4926405e27aafb8_jpg.rf.2553ef5d110543c318aedae89196cb9a.jpg</filename>
	<path>a4926405e27aafb8_jpg.rf.2553ef5d110543c318aedae89196cb9a.jpg</path>
	<source>
		<database>roboflow.ai</database>
	</source>
	<size>
		<width>416</width>
		<height>416</height>
		<depth>3</depth>
	</size>
	<segmented>0</segmented>
	<object>
		<name>Traffic-light</name>
		<pose>Unspecified</pose>
		<truncated>0</truncated>
		<difficult>0</difficult>
		<occluded>0</occluded>
		<bndbox>
			<xmin>268</xmin>
			<xmax>281</xmax>
			<ymin>255</ymin>
			<ymax>266</ymax>
		</bndbox>
	</object>
	<object>
		<name>Traffic-light</name>
		<pose>Unspecified</pose>
		<truncated>0</truncated>
		<difficult>0</difficult>
		<occluded>0</occluded>
		<bndbox>
			<xmin>281</xmin>
			<xmax>323</xmax>
			<ymin>141</ymin>
			<ymax>204</ymax>
		</bndbox>
	</object>
</annotation>
